SampleID,Bird_ID,BodySite,Bird_weight.g.,Age_weeks,Age,AgeBodySite,Flock,Flock2,BodySiteFlock,FlockAge,BodySiteFlock2,Barn,BodySiteBarn,Date_of_collection,Sex,Extractor,Extract.Date,NanoDrop
cC001,1,CECUM,137,1,01W,01W_CECUM,F2B,F2,CECUM_F2B,F2B_01W,CECUM_F2,Brood,CECUM_Brood,11/25/2015,,MA & JN,6/13/2016,103.9
cC002,2,CECUM,157,1,01W,01W_CECUM,F2B,F2,CECUM_F2B,F2B_01W,CECUM_F2,Brood,CECUM_Brood,11/25/2015,,MA & JN,6/13/2016,133.9
cC003,3,CECUM,132,1,01W,01W_CECUM,F2B,F2,CECUM_F2B,F2B_01W,CECUM_F2,Brood,CECUM_Brood,11/25/2015,,MA & JN,6/13/2016,99.8
cC004,4,CECUM,135,1,01W,01W_CECUM,F2B,F2,CECUM_F2B,F2B_01W,CECUM_F2,Brood,CECUM_Brood,11/25/2015,,MA & JN,6/13/2016,121.1
cC005,5,CECUM,163,1,01W,01W_CECUM,F2B,F2,CECUM_F2B,F2B_01W,CECUM_F2,Brood,CECUM_Brood,11/25/2015,,MA & JN,6/13/2016,106.8
cC006,6,CECUM,153,1,01W,01W_CECUM,F2B,F2,CECUM_F2B,F2B_01W,CECUM_F2,Brood,CECUM_Brood,11/25/2015,,MA & JN,6/13/2016,119
cC007,7,CECUM,151,1,01W,01W_CECUM,F2B,F2,CECUM_F2B,F2B_01W,CECUM_F2,Brood,CECUM_Brood,11/25/2015,,MA & JN,6/13/2016,104.6
cC008,8,CECUM,152,1,01W,01W_CECUM,F2B,F2,CECUM_F2B,F2B_01W,CECUM_F2,Brood,CECUM_Brood,11/25/2015,,MA & JN,6/13/2016,80.9
cC009,9,CECUM,109,1,01W,01W_CECUM,F2B,F2,CECUM_F2B,F2B_01W,CECUM_F2,Brood,CECUM_Brood,11/25/2015,,MA & JN,6/13/2016,122.3
cC010,10,CECUM,160,1,01W,01W_CECUM,F2B,F2,CECUM_F2B,F2B_01W,CECUM_F2,Brood,CECUM_Brood,11/25/2015,,MA & JN,6/13/2016,115.6
cC011,35,CECUM,634,3,03W,03W_CECUM,F2B,F2,CECUM_F2B,F2B_03W,CECUM_F2,Brood,CECUM_Brood,12/10/2015,,MA & JN,6/13/2016,82.4
cC012,36,CECUM,782,3,03W,03W_CECUM,F2B,F2,CECUM_F2B,F2B_03W,CECUM_F2,Brood,CECUM_Brood,12/10/2015,,MA & JN,6/13/2016,109.2
cC013,37,CECUM,582,3,03W,03W_CECUM,F2B,F2,CECUM_F2B,F2B_03W,CECUM_F2,Brood,CECUM_Brood,12/10/2015,,MA & JN,6/13/2016,146.8
cC014,38,CECUM,662,3,03W,03W_CECUM,F2B,F2,CECUM_F2B,F2B_03W,CECUM_F2,Brood,CECUM_Brood,12/10/2015,,MA & JN,6/13/2016,156.4
cC015,39,CECUM,755,3,03W,03W_CECUM,F2B,F2,CECUM_F2B,F2B_03W,CECUM_F2,Brood,CECUM_Brood,12/10/2015,,MA & JN,6/13/2016,53.3
cC016,40,CECUM,712,3,03W,03W_CECUM,F2B,F2,CECUM_F2B,F2B_03W,CECUM_F2,Brood,CECUM_Brood,12/10/2015,,MA & JN,6/13/2016,91.4
cC017,41,CECUM,437,3,03W,03W_CECUM,F2B,F2,CECUM_F2B,F2B_03W,CECUM_F2,Brood,CECUM_Brood,12/10/2015,,MA & JN,6/13/2016,184.1
cC018,42,CECUM,750,3,03W,03W_CECUM,F2B,F2,CECUM_F2B,F2B_03W,CECUM_F2,Brood,CECUM_Brood,12/10/2015,,MA & JN,6/13/2016,110.8
cC019,43,CECUM,568,3,03W,03W_CECUM,F2B,F2,CECUM_F2B,F2B_03W,CECUM_F2,Brood,CECUM_Brood,12/10/2015,,MA & JN,6/13/2016,143.8
cC020,44,CECUM,753,3,03W,03W_CECUM,F2B,F2,CECUM_F2B,F2B_03W,CECUM_F2,Brood,CECUM_Brood,12/10/2015,,MA & JN,6/13/2016,118.4
cC021,55,CECUM,1204,5,05W,05W_CECUM,F2B,F2,CECUM_F2B,F2B_05W,CECUM_F2,Brood,CECUM_Brood,12/22/2015,,MA & JN,6/13/2016,112.4
cC022,56,CECUM,1499,5,05W,05W_CECUM,F2B,F2,CECUM_F2B,F2B_05W,CECUM_F2,Brood,CECUM_Brood,12/22/2015,,MA & JN,6/13/2016,44.2
cC023,57,CECUM,1708,5,05W,05W_CECUM,F2B,F2,CECUM_F2B,F2B_05W,CECUM_F2,Brood,CECUM_Brood,12/22/2015,,MA & JN,6/13/2016,133.7
cC024,58,CECUM,1663,5,05W,05W_CECUM,F2B,F2,CECUM_F2B,F2B_05W,CECUM_F2,Brood,CECUM_Brood,12/22/2015,,MA & JN,6/13/2016,105.6
cC025,59,CECUM,1540,5,05W,05W_CECUM,F2B,F2,CECUM_F2B,F2B_05W,CECUM_F2,Brood,CECUM_Brood,12/22/2015,,MA & JN,6/13/2016,42.7
cC026,60,CECUM,959,5,05W,05W_CECUM,F2B,F2,CECUM_F2B,F2B_05W,CECUM_F2,Brood,CECUM_Brood,12/22/2015,,MA & JN,6/13/2016,183.3
cC027,61,CECUM,1237,5,05W,05W_CECUM,F2B,F2,CECUM_F2B,F2B_05W,CECUM_F2,Brood,CECUM_Brood,12/22/2015,,MA & JN,6/13/2016,153
cC028,62,CECUM,1259,5,05W,05W_CECUM,F2B,F2,CECUM_F2B,F2B_05W,CECUM_F2,Brood,CECUM_Brood,12/22/2015,,MA & JN,6/13/2016,112.8
cC029,63,CECUM,1362,5,05W,05W_CECUM,F2B,F2,CECUM_F2B,F2B_05W,CECUM_F2,Brood,CECUM_Brood,12/22/2015,,MA & JN,6/13/2016,102.7
cC030,64,CECUM,1374,5,05W,05W_CECUM,F2B,F2,CECUM_F2B,F2B_05W,CECUM_F2,Brood,CECUM_Brood,12/22/2015,,MA & JN,6/13/2016,125.1
cC031,75,CECUM,3500,8,08W,08W_CECUM,F2G,F2,CECUM_F2G,F2G_08W,CECUM_F2,Grow-out,CECUM_Grow-out,1/11/2016,,MA & JN,6/13/2016,173.4
cC032,76,CECUM,3000,8,08W,08W_CECUM,F2G,F2,CECUM_F2G,F2G_08W,CECUM_F2,Grow-out,CECUM_Grow-out,1/11/2016,,MA & JN,6/13/2016,160.1
cC033,77,CECUM,3700,8,08W,08W_CECUM,F2G,F2,CECUM_F2G,F2G_08W,CECUM_F2,Grow-out,CECUM_Grow-out,1/11/2016,,MA & JN,6/13/2016,133
cC034,78,CECUM,2800,8,08W,08W_CECUM,F2G,F2,CECUM_F2G,F2G_08W,CECUM_F2,Grow-out,CECUM_Grow-out,1/11/2016,,MA & JN,6/13/2016,130.9
cC035,79,CECUM,3100,8,08W,08W_CECUM,F2G,F2,CECUM_F2G,F2G_08W,CECUM_F2,Grow-out,CECUM_Grow-out,1/11/2016,,MA & JN,6/13/2016,151.7
cC036,80,CECUM,3300,8,08W,08W_CECUM,F2G,F2,CECUM_F2G,F2G_08W,CECUM_F2,Grow-out,CECUM_Grow-out,1/11/2016,,MA & JN,6/13/2016,67.4
cC037,81,CECUM,3500,8,08W,08W_CECUM,F2G,F2,CECUM_F2G,F2G_08W,CECUM_F2,Grow-out,CECUM_Grow-out,1/11/2016,,MA & JN,6/13/2016,91.5
cC038,82,CECUM,2700,8,08W,08W_CECUM,F2G,F2,CECUM_F2G,F2G_08W,CECUM_F2,Grow-out,CECUM_Grow-out,1/11/2016,,MA & JN,6/13/2016,112.8
cC039,83,CECUM,3800,8,08W,08W_CECUM,F2G,F2,CECUM_F2G,F2G_08W,CECUM_F2,Grow-out,CECUM_Grow-out,1/11/2016,,MA & JN,6/13/2016,290.8
cC040,84,CECUM,3300,8,08W,08W_CECUM,F2G,F2,CECUM_F2G,F2G_08W,CECUM_F2,Grow-out,CECUM_Grow-out,1/11/2016,,MA & JN,6/13/2016,88.9
cC041,85,CECUM,9200,12,12W,12W_CECUM,F2G,F2,CECUM_F2G,F2G_12W,CECUM_F2,Grow-out,CECUM_Grow-out,2/8/2016,M,MA & JN,6/13/2016,81.7
cC042,86,CECUM,7400,12,12W,12W_CECUM,F2G,F2,CECUM_F2G,F2G_12W,CECUM_F2,Grow-out,CECUM_Grow-out,2/8/2016,M,MA & JN,6/13/2016,118.5
cC043,87,CECUM,8800,12,12W,12W_CECUM,F2G,F2,CECUM_F2G,F2G_12W,CECUM_F2,Grow-out,CECUM_Grow-out,2/8/2016,M,MA & JN,6/13/2016,149.1
cC044,88,CECUM,8600,12,12W,12W_CECUM,F2G,F2,CECUM_F2G,F2G_12W,CECUM_F2,Grow-out,CECUM_Grow-out,2/8/2016,M,MA & JN,6/13/2016,86.6
cC045,89,CECUM,7800,12,12W,12W_CECUM,F2G,F2,CECUM_F2G,F2G_12W,CECUM_F2,Grow-out,CECUM_Grow-out,2/8/2016,M,MA & JN,6/13/2016,157.4
cC046,90,CECUM,7300,12,12W,12W_CECUM,F2G,F2,CECUM_F2G,F2G_12W,CECUM_F2,Grow-out,CECUM_Grow-out,2/8/2016,M,MA & JN,6/13/2016,131.4
cC047,91,CECUM,8400,12,12W,12W_CECUM,F2G,F2,CECUM_F2G,F2G_12W,CECUM_F2,Grow-out,CECUM_Grow-out,2/8/2016,M,MA & JN,6/13/2016,167.6
cC048,92,CECUM,8500,12,12W,12W_CECUM,F2G,F2,CECUM_F2G,F2G_12W,CECUM_F2,Grow-out,CECUM_Grow-out,2/8/2016,M,MA & JN,6/13/2016,111.5
cC049,105,CECUM,14200,16,16W,16W_CECUM,F2G,F2,CECUM_F2G,F2G_16W,CECUM_F2,Grow-out,CECUM_Grow-out,3/7/2016,M,MA & JN,6/13/2016,122
cC050,106,CECUM,13600,16,16W,16W_CECUM,F2G,F2,CECUM_F2G,F2G_16W,CECUM_F2,Grow-out,CECUM_Grow-out,3/7/2016,M,MA & JN,6/13/2016,12.4
cC051,107,CECUM,13400,16,16W,16W_CECUM,F2G,F2,CECUM_F2G,F2G_16W,CECUM_F2,Grow-out,CECUM_Grow-out,3/7/2016,M,MA & JN,6/13/2016,87.1
cC052,108,CECUM,13600,16,16W,16W_CECUM,F2G,F2,CECUM_F2G,F2G_16W,CECUM_F2,Grow-out,CECUM_Grow-out,3/7/2016,M,MA & JN,6/13/2016,110
cC053,14,CECUM,152,1,01W,01W_CECUM,F1B,F1,CECUM_F1B,F1B_01W,CECUM_F1,Brood,CECUM_Brood,11/25/2015,,MA & JN,6/13/2016,48.3
cC054,15,CECUM,153,1,01W,01W_CECUM,F1B,F1,CECUM_F1B,F1B_01W,CECUM_F1,Brood,CECUM_Brood,11/25/2015,,MA & JN,6/13/2016,46.2
cC055,16,CECUM,152,1,01W,01W_CECUM,F1B,F1,CECUM_F1B,F1B_01W,CECUM_F1,Brood,CECUM_Brood,11/25/2015,,MA & JN,6/14/2016,93
cC056,17,CECUM,189,1,01W,01W_CECUM,F1B,F1,CECUM_F1B,F1B_01W,CECUM_F1,Brood,CECUM_Brood,11/25/2015,,MA & JN,6/14/2016,185.3
cC057,18,CECUM,152,1,01W,01W_CECUM,F1B,F1,CECUM_F1B,F1B_01W,CECUM_F1,Brood,CECUM_Brood,11/25/2015,,MA & JN,6/14/2016,171.6
cC058,19,CECUM,124,1,01W,01W_CECUM,F1B,F1,CECUM_F1B,F1B_01W,CECUM_F1,Brood,CECUM_Brood,11/25/2015,,MA & JN,6/14/2016,115.5
cC059,20,CECUM,138,1,01W,01W_CECUM,F1B,F1,CECUM_F1B,F1B_01W,CECUM_F1,Brood,CECUM_Brood,11/25/2015,,MA & JN,6/14/2016,90.7
cC060,21,CECUM,119,1,01W,01W_CECUM,F1B,F1,CECUM_F1B,F1B_01W,CECUM_F1,Brood,CECUM_Brood,11/25/2015,,MA & JN,6/14/2016,157.4
cC061,22,CECUM,110,1,01W,01W_CECUM,F1B,F1,CECUM_F1B,F1B_01W,CECUM_F1,Brood,CECUM_Brood,11/25/2015,,MA & JN,6/14/2016,156.1
cC062,23,CECUM,139,1,01W,01W_CECUM,F1B,F1,CECUM_F1B,F1B_01W,CECUM_F1,Brood,CECUM_Brood,11/25/2015,,MA & JN,6/14/2016,132
cC063,25,CECUM,802,3,03W,03W_CECUM,F1B,F1,CECUM_F1B,F1B_03W,CECUM_F1,Brood,CECUM_Brood,12/10/2015,,MA & JN,6/14/2016,122.6
cC064,26,CECUM,789,3,03W,03W_CECUM,F1B,F1,CECUM_F1B,F1B_03W,CECUM_F1,Brood,CECUM_Brood,12/10/2015,,MA & JN,6/14/2016,161.9
cC065,27,CECUM,526,3,03W,03W_CECUM,F1B,F1,CECUM_F1B,F1B_03W,CECUM_F1,Brood,CECUM_Brood,12/10/2015,,MA & JN,6/14/2016,216.8
cC066,28,CECUM,792,3,03W,03W_CECUM,F1B,F1,CECUM_F1B,F1B_03W,CECUM_F1,Brood,CECUM_Brood,12/10/2015,,MA & JN,6/14/2016,143.2
cC067,29,CECUM,614,3,03W,03W_CECUM,F1B,F1,CECUM_F1B,F1B_03W,CECUM_F1,Brood,CECUM_Brood,12/10/2015,,MA & JN,6/14/2016,165.9
cC068,30,CECUM,689,3,03W,03W_CECUM,F1B,F1,CECUM_F1B,F1B_03W,CECUM_F1,Brood,CECUM_Brood,12/10/2015,,MA & JN,6/14/2016,129.1
cC069,31,CECUM,457,3,03W,03W_CECUM,F1B,F1,CECUM_F1B,F1B_03W,CECUM_F1,Brood,CECUM_Brood,12/10/2015,,MA & JN,6/14/2016,148.8
cC070,32,CECUM,763,3,03W,03W_CECUM,F1B,F1,CECUM_F1B,F1B_03W,CECUM_F1,Brood,CECUM_Brood,12/10/2015,,MA & JN,6/14/2016,95.7
cC071,33,CECUM,777,3,03W,03W_CECUM,F1B,F1,CECUM_F1B,F1B_03W,CECUM_F1,Brood,CECUM_Brood,12/10/2015,,MA & JN,6/14/2016,187.3
cC072,34,CECUM,749,3,03W,03W_CECUM,F1B,F1,CECUM_F1B,F1B_03W,CECUM_F1,Brood,CECUM_Brood,12/10/2015,,MA & JN,6/14/2016,275.9
cC073,45,CECUM,1281,5,05W,05W_CECUM,F1B,F1,CECUM_F1B,F1B_05W,CECUM_F1,Brood,CECUM_Brood,12/22/2015,,MA & JN,6/14/2016,194.2
cC074,46,CECUM,1642,5,05W,05W_CECUM,F1B,F1,CECUM_F1B,F1B_05W,CECUM_F1,Brood,CECUM_Brood,12/22/2015,,MA & JN,6/14/2016,189.7
cC075,47,CECUM,1745,5,05W,05W_CECUM,F1B,F1,CECUM_F1B,F1B_05W,CECUM_F1,Brood,CECUM_Brood,12/22/2015,,MA & JN,6/14/2016,178.6
cC076,48,CECUM,1680,5,05W,05W_CECUM,F1B,F1,CECUM_F1B,F1B_05W,CECUM_F1,Brood,CECUM_Brood,12/22/2015,,MA & JN,6/14/2016,127.6
cC077,49,CECUM,1655,5,05W,05W_CECUM,F1B,F1,CECUM_F1B,F1B_05W,CECUM_F1,Brood,CECUM_Brood,12/22/2015,,MA & JN,6/14/2016,162.7
cC078,50,CECUM,1442,5,05W,05W_CECUM,F1B,F1,CECUM_F1B,F1B_05W,CECUM_F1,Brood,CECUM_Brood,12/22/2015,,MA & JN,6/14/2016,150.3
cC079,51,CECUM,1593,5,05W,05W_CECUM,F1B,F1,CECUM_F1B,F1B_05W,CECUM_F1,Brood,CECUM_Brood,12/22/2015,,MA & JN,6/14/2016,75.2
cC080,52,CECUM,1513,5,05W,05W_CECUM,F1B,F1,CECUM_F1B,F1B_05W,CECUM_F1,Brood,CECUM_Brood,12/22/2015,,MA & JN,6/14/2016,181.2
cC081,53,CECUM,1418,5,05W,05W_CECUM,F1B,F1,CECUM_F1B,F1B_05W,CECUM_F1,Brood,CECUM_Brood,12/22/2015,,MA & JN,6/14/2016,163.7
cC082,54,CECUM,1710,5,05W,05W_CECUM,F1B,F1,CECUM_F1B,F1B_05W,CECUM_F1,Brood,CECUM_Brood,12/22/2015,,MA & JN,6/14/2016,53.4
cC083,65,CECUM,3600,8,08W,08W_CECUM,F1G,F1,CECUM_F1G,F1G_08W,CECUM_F1,Grow-out,CECUM_Grow-out,1/11/2016,,MA & JN,6/14/2016,137.9
cC084,66,CECUM,3800,8,08W,08W_CECUM,F1G,F1,CECUM_F1G,F1G_08W,CECUM_F1,Grow-out,CECUM_Grow-out,1/11/2016,,MA & JN,6/14/2016,118.8
cC085,67,CECUM,3400,8,08W,08W_CECUM,F1G,F1,CECUM_F1G,F1G_08W,CECUM_F1,Grow-out,CECUM_Grow-out,1/11/2016,,MA & JN,6/14/2016,157.4
cC086,68,CECUM,4100,8,08W,08W_CECUM,F1G,F1,CECUM_F1G,F1G_08W,CECUM_F1,Grow-out,CECUM_Grow-out,1/11/2016,,MA & JN,6/14/2016,92.4
cC087,69,CECUM,3400,8,08W,08W_CECUM,F1G,F1,CECUM_F1G,F1G_08W,CECUM_F1,Grow-out,CECUM_Grow-out,1/11/2016,,MA & JN,6/14/2016,117.6
cC088,70,CECUM,3600,8,08W,08W_CECUM,F1G,F1,CECUM_F1G,F1G_08W,CECUM_F1,Grow-out,CECUM_Grow-out,1/11/2016,,MA & JN,6/14/2016,116.1
cC089,71,CECUM,3400,8,08W,08W_CECUM,F1G,F1,CECUM_F1G,F1G_08W,CECUM_F1,Grow-out,CECUM_Grow-out,1/11/2016,,MA & JN,6/14/2016,89.3
cC090,72,CECUM,4200,8,08W,08W_CECUM,F1G,F1,CECUM_F1G,F1G_08W,CECUM_F1,Grow-out,CECUM_Grow-out,1/11/2016,,MA & JN,6/14/2016,88.6
cC091,73,CECUM,3300,8,08W,08W_CECUM,F1G,F1,CECUM_F1G,F1G_08W,CECUM_F1,Grow-out,CECUM_Grow-out,1/11/2016,,MA & JN,6/14/2016,90.9
cC092,74,CECUM,3300,8,08W,08W_CECUM,F1G,F1,CECUM_F1G,F1G_08W,CECUM_F1,Grow-out,CECUM_Grow-out,1/11/2016,,MA & JN,6/14/2016,49
cC093,93,CECUM,10300,12,12W,12W_CECUM,F1G,F1,CECUM_F1G,F1G_12W,CECUM_F1,Grow-out,CECUM_Grow-out,2/8/2016,M,MA & JN,6/14/2016,167.3
cC094,94,CECUM,10000,12,12W,12W_CECUM,F1G,F1,CECUM_F1G,F1G_12W,CECUM_F1,Grow-out,CECUM_Grow-out,2/8/2016,M,MA & JN,6/14/2016,225.5
cC095,95,CECUM,9300,12,12W,12W_CECUM,F1G,F1,CECUM_F1G,F1G_12W,CECUM_F1,Grow-out,CECUM_Grow-out,2/8/2016,M,MA & JN,6/14/2016,216.1
cC096,96,CECUM,10000,12,12W,12W_CECUM,F1G,F1,CECUM_F1G,F1G_12W,CECUM_F1,Grow-out,CECUM_Grow-out,2/8/2016,M,MA & JN,6/14/2016,278.2
cC097,97,CECUM,8500,12,12W,12W_CECUM,F1G,F1,CECUM_F1G,F1G_12W,CECUM_F1,Grow-out,CECUM_Grow-out,2/8/2016,M,MA & JN,6/14/2016,263.2
cC098,98,CECUM,9000,12,12W,12W_CECUM,F1G,F1,CECUM_F1G,F1G_12W,CECUM_F1,Grow-out,CECUM_Grow-out,2/8/2016,M,MA & JN,6/14/2016,282.5
cC099,99,CECUM,9100,12,12W,12W_CECUM,F1G,F1,CECUM_F1G,F1G_12W,CECUM_F1,Grow-out,CECUM_Grow-out,2/8/2016,M,MA & JN,6/14/2016,216
cC100,100,CECUM,8300,12,12W,12W_CECUM,F1G,F1,CECUM_F1G,F1G_12W,CECUM_F1,Grow-out,CECUM_Grow-out,2/8/2016,M,MA & JN,6/14/2016,272.6
cC101,101,CECUM,17400,16,16W,16W_CECUM,F1G,F1,CECUM_F1G,F1G_16W,CECUM_F1,Grow-out,CECUM_Grow-out,3/7/2016,M,MA & JN,6/14/2016,295.3
cC102,102,CECUM,16600,16,16W,16W_CECUM,F1G,F1,CECUM_F1G,F1G_16W,CECUM_F1,Grow-out,CECUM_Grow-out,3/7/2016,M,MA & JN,6/14/2016,244.2
cC103,103,CECUM,17600,16,16W,16W_CECUM,F1G,F1,CECUM_F1G,F1G_16W,CECUM_F1,Grow-out,CECUM_Grow-out,3/7/2016,M,MA & JN,6/14/2016,273
cC104,104,CECUM,15000,16,16W,16W_CECUM,F1G,F1,CECUM_F1G,F1G_16W,CECUM_F1,Grow-out,CECUM_Grow-out,3/7/2016,M,MA & JN,6/14/2016,245.8
cI105,1,ILEUM,137,1,01W,01W_ILEUM,F2B,F2,ILEUM_F2B,F2B_01W,ILEUM_F2,Brood,ILEUM_Brood,11/25/2015,,MA & JN,6/10/2016,59.9
cI106,2,ILEUM,157,1,01W,01W_ILEUM,F2B,F2,ILEUM_F2B,F2B_01W,ILEUM_F2,Brood,ILEUM_Brood,11/25/2015,,MA & JN,6/10/2016,83.1
cI107,3,ILEUM,132,1,01W,01W_ILEUM,F2B,F2,ILEUM_F2B,F2B_01W,ILEUM_F2,Brood,ILEUM_Brood,11/25/2015,,MA & JN,6/10/2016,124.4
cI108,4,ILEUM,135,1,01W,01W_ILEUM,F2B,F2,ILEUM_F2B,F2B_01W,ILEUM_F2,Brood,ILEUM_Brood,11/25/2015,,MA & JN,6/10/2016,159
cI109,5,ILEUM,163,1,01W,01W_ILEUM,F2B,F2,ILEUM_F2B,F2B_01W,ILEUM_F2,Brood,ILEUM_Brood,11/25/2015,,MA & JN,6/10/2016,136.1
cI110,6,ILEUM,153,1,01W,01W_ILEUM,F2B,F2,ILEUM_F2B,F2B_01W,ILEUM_F2,Brood,ILEUM_Brood,11/25/2015,,MA & JN,6/10/2016,71.4
cI111,7,ILEUM,151,1,01W,01W_ILEUM,F2B,F2,ILEUM_F2B,F2B_01W,ILEUM_F2,Brood,ILEUM_Brood,11/25/2015,,MA & JN,6/10/2016,136.2
cI112,8,ILEUM,152,1,01W,01W_ILEUM,F2B,F2,ILEUM_F2B,F2B_01W,ILEUM_F2,Brood,ILEUM_Brood,11/25/2015,,MA & JN,6/10/2016,80.2
cI113,9,ILEUM,109,1,01W,01W_ILEUM,F2B,F2,ILEUM_F2B,F2B_01W,ILEUM_F2,Brood,ILEUM_Brood,11/25/2015,,MA & JN,6/10/2016,106.5
cI114,10,ILEUM,160,1,01W,01W_ILEUM,F2B,F2,ILEUM_F2B,F2B_01W,ILEUM_F2,Brood,ILEUM_Brood,11/25/2015,,MA & JN,6/10/2016,23.4
cI115,35,ILEUM,634,3,03W,03W_ILEUM,F2B,F2,ILEUM_F2B,F2B_03W,ILEUM_F2,Brood,ILEUM_Brood,12/10/2015,,MA & JN,6/11/2016,59.1
cI116,36,ILEUM,782,3,03W,03W_ILEUM,F2B,F2,ILEUM_F2B,F2B_03W,ILEUM_F2,Brood,ILEUM_Brood,12/10/2015,,MA & JN,6/11/2016,42.7
cI117,37,ILEUM,582,3,03W,03W_ILEUM,F2B,F2,ILEUM_F2B,F2B_03W,ILEUM_F2,Brood,ILEUM_Brood,12/10/2015,,MA & JN,6/11/2016,32
cI118,38,ILEUM,662,3,03W,03W_ILEUM,F2B,F2,ILEUM_F2B,F2B_03W,ILEUM_F2,Brood,ILEUM_Brood,12/10/2015,,MA & JN,6/11/2016,313.7
cI119,39,ILEUM,755,3,03W,03W_ILEUM,F2B,F2,ILEUM_F2B,F2B_03W,ILEUM_F2,Brood,ILEUM_Brood,12/10/2015,,MA & JN,6/11/2016,124.9
cI120,40,ILEUM,712,3,03W,03W_ILEUM,F2B,F2,ILEUM_F2B,F2B_03W,ILEUM_F2,Brood,ILEUM_Brood,12/10/2015,,MA & JN,6/11/2016,67.3
cI121,41,ILEUM,437,3,03W,03W_ILEUM,F2B,F2,ILEUM_F2B,F2B_03W,ILEUM_F2,Brood,ILEUM_Brood,12/10/2015,,MA & JN,6/11/2016,11.5
cI122,42,ILEUM,750,3,03W,03W_ILEUM,F2B,F2,ILEUM_F2B,F2B_03W,ILEUM_F2,Brood,ILEUM_Brood,12/10/2015,,MA & JN,6/11/2016,83.5
cI123,43,ILEUM,568,3,03W,03W_ILEUM,F2B,F2,ILEUM_F2B,F2B_03W,ILEUM_F2,Brood,ILEUM_Brood,12/10/2015,,MA & JN,6/11/2016,169.2
cI124,44,ILEUM,753,3,03W,03W_ILEUM,F2B,F2,ILEUM_F2B,F2B_03W,ILEUM_F2,Brood,ILEUM_Brood,12/10/2015,,MA & JN,6/11/2016,239
cI125,55,ILEUM,1204,5,05W,05W_ILEUM,F2B,F2,ILEUM_F2B,F2B_05W,ILEUM_F2,Brood,ILEUM_Brood,12/22/2015,,MA & JN,6/11/2016,238.4
cI126,56,ILEUM,1499,5,05W,05W_ILEUM,F2B,F2,ILEUM_F2B,F2B_05W,ILEUM_F2,Brood,ILEUM_Brood,12/22/2015,,MA & JN,6/11/2016,224.9
cI127,57,ILEUM,1708,5,05W,05W_ILEUM,F2B,F2,ILEUM_F2B,F2B_05W,ILEUM_F2,Brood,ILEUM_Brood,12/22/2015,,MA & JN,6/11/2016,128.8
cI128,58,ILEUM,1663,5,05W,05W_ILEUM,F2B,F2,ILEUM_F2B,F2B_05W,ILEUM_F2,Brood,ILEUM_Brood,12/22/2015,,MA & JN,6/11/2016,292.4
cI129,59,ILEUM,1540,5,05W,05W_ILEUM,F2B,F2,ILEUM_F2B,F2B_05W,ILEUM_F2,Brood,ILEUM_Brood,12/22/2015,,MA & JN,6/11/2016,229.1
cI130,60,ILEUM,959,5,05W,05W_ILEUM,F2B,F2,ILEUM_F2B,F2B_05W,ILEUM_F2,Brood,ILEUM_Brood,12/22/2015,,MA & JN,6/12/2016,569.3
cI131,61,ILEUM,1237,5,05W,05W_ILEUM,F2B,F2,ILEUM_F2B,F2B_05W,ILEUM_F2,Brood,ILEUM_Brood,12/22/2015,,MA & JN,6/11/2016,182.8
cI132,62,ILEUM,1259,5,05W,05W_ILEUM,F2B,F2,ILEUM_F2B,F2B_05W,ILEUM_F2,Brood,ILEUM_Brood,12/22/2015,,MA & JN,6/12/2016,225.9
cI133,63,ILEUM,1362,5,05W,05W_ILEUM,F2B,F2,ILEUM_F2B,F2B_05W,ILEUM_F2,Brood,ILEUM_Brood,12/22/2015,,MA & JN,6/11/2016,162.3
cI134,64,ILEUM,1374,5,05W,05W_ILEUM,F2B,F2,ILEUM_F2B,F2B_05W,ILEUM_F2,Brood,ILEUM_Brood,12/22/2015,,MA & JN,6/12/2016,221.1
cI135,75,ILEUM,3500,8,08W,08W_ILEUM,F2G,F2,ILEUM_F2G,F2G_08W,ILEUM_F2,Grow-out,ILEUM_Grow-out,1/11/2016,,MA & JN,6/11/2016,154.7
cI136,76,ILEUM,3000,8,08W,08W_ILEUM,F2G,F2,ILEUM_F2G,F2G_08W,ILEUM_F2,Grow-out,ILEUM_Grow-out,1/11/2016,,MA & JN,6/11/2016,163.3
cI137,77,ILEUM,3700,8,08W,08W_ILEUM,F2G,F2,ILEUM_F2G,F2G_08W,ILEUM_F2,Grow-out,ILEUM_Grow-out,1/11/2016,,MA & JN,6/11/2016,221.7
cI138,78,ILEUM,2800,8,08W,08W_ILEUM,F2G,F2,ILEUM_F2G,F2G_08W,ILEUM_F2,Grow-out,ILEUM_Grow-out,1/11/2016,,MA & JN,6/11/2016,184.2
cI139,79,ILEUM,3100,8,08W,08W_ILEUM,F2G,F2,ILEUM_F2G,F2G_08W,ILEUM_F2,Grow-out,ILEUM_Grow-out,1/11/2016,,MA & JN,6/11/2016,141
cI140,80,ILEUM,3300,8,08W,08W_ILEUM,F2G,F2,ILEUM_F2G,F2G_08W,ILEUM_F2,Grow-out,ILEUM_Grow-out,1/11/2016,,MA & JN,6/11/2016,197.4
cI141,81,ILEUM,3500,8,08W,08W_ILEUM,F2G,F2,ILEUM_F2G,F2G_08W,ILEUM_F2,Grow-out,ILEUM_Grow-out,1/11/2016,,MA & JN,6/11/2016,187.5
cI142,82,ILEUM,2700,8,08W,08W_ILEUM,F2G,F2,ILEUM_F2G,F2G_08W,ILEUM_F2,Grow-out,ILEUM_Grow-out,1/11/2016,,MA & JN,6/11/2016,141.1
cI143,83,ILEUM,3800,8,08W,08W_ILEUM,F2G,F2,ILEUM_F2G,F2G_08W,ILEUM_F2,Grow-out,ILEUM_Grow-out,1/11/2016,,MA & JN,6/11/2016,267.7
cI144,84,ILEUM,3300,8,08W,08W_ILEUM,F2G,F2,ILEUM_F2G,F2G_08W,ILEUM_F2,Grow-out,ILEUM_Grow-out,1/11/2016,,MA & JN,6/11/2016,131.8
cI145,85,ILEUM,9200,12,12W,12W_ILEUM,F2G,F2,ILEUM_F2G,F2G_08W,ILEUM_F2,Grow-out,ILEUM_Grow-out,2/8/2016,M,MA & JN,6/11/2016,167
cI146,86,ILEUM,7400,12,12W,12W_ILEUM,F2G,F2,ILEUM_F2G,F2G_08W,ILEUM_F2,Grow-out,ILEUM_Grow-out,2/8/2016,M,MA & JN,6/11/2016,172.3
cI147,87,ILEUM,8800,12,12W,12W_ILEUM,F2G,F2,ILEUM_F2G,F2G_08W,ILEUM_F2,Grow-out,ILEUM_Grow-out,2/8/2016,M,MA & JN,6/11/2016,145.4
cI148,88,ILEUM,8600,12,12W,12W_ILEUM,F2G,F2,ILEUM_F2G,F2G_08W,ILEUM_F2,Grow-out,ILEUM_Grow-out,2/8/2016,M,MA & JN,6/11/2016,201
cI149,89,ILEUM,7800,12,12W,12W_ILEUM,F2G,F2,ILEUM_F2G,F2G_08W,ILEUM_F2,Grow-out,ILEUM_Grow-out,2/8/2016,M,MA & JN,6/11/2016,224.1
cI150,90,ILEUM,7300,12,12W,12W_ILEUM,F2G,F2,ILEUM_F2G,F2G_08W,ILEUM_F2,Grow-out,ILEUM_Grow-out,2/8/2016,M,MA & JN,6/11/2016,148
cI151,91,ILEUM,8400,12,12W,12W_ILEUM,F2G,F2,ILEUM_F2G,F2G_08W,ILEUM_F2,Grow-out,ILEUM_Grow-out,2/8/2016,M,MA & JN,6/11/2016,233.5
cI152,92,ILEUM,8500,12,12W,12W_ILEUM,F2G,F2,ILEUM_F2G,F2G_08W,ILEUM_F2,Grow-out,ILEUM_Grow-out,2/8/2016,M,MA & JN,6/11/2016,171.4
cI153,105,ILEUM,14200,16,16W,16W_ILEUM,F2G,F2,ILEUM_F2G,F2G_08W,ILEUM_F2,Grow-out,ILEUM_Grow-out,3/7/2016,M,MA & JN,6/11/2016,167
cI154,106,ILEUM,13600,16,16W,16W_ILEUM,F2G,F2,ILEUM_F2G,F2G_08W,ILEUM_F2,Grow-out,ILEUM_Grow-out,3/7/2016,M,MA & JN,6/11/2016,71.9
cI155,107,ILEUM,13400,16,16W,16W_ILEUM,F2G,F2,ILEUM_F2G,F2G_08W,ILEUM_F2,Grow-out,ILEUM_Grow-out,3/7/2016,M,MA & JN,6/11/2016,159.6
cI156,108,ILEUM,13600,16,16W,16W_ILEUM,F2G,F2,ILEUM_F2G,F2G_08W,ILEUM_F2,Grow-out,ILEUM_Grow-out,3/7/2016,M,MA & JN,6/11/2016,131.5
cI157,14,ILEUM,152,1,01W,01W_ILEUM,F1B,F1,ILEUM_F1B,F1B_01W,ILEUM_F1,Brood,ILEUM_Brood,11/25/2015,,MA & JN,6/11/2016,58.3
cI158,15,ILEUM,153,1,01W,01W_ILEUM,F1B,F1,ILEUM_F1B,F1B_01W,ILEUM_F1,Brood,ILEUM_Brood,11/25/2015,,MA & JN,6/11/2016,31.7
cI159,16,ILEUM,152,1,01W,01W_ILEUM,F1B,F1,ILEUM_F1B,F1B_01W,ILEUM_F1,Brood,ILEUM_Brood,11/25/2015,,MA & JN,6/11/2016,94.1
cI160,17,ILEUM,189,1,01W,01W_ILEUM,F1B,F1,ILEUM_F1B,F1B_01W,ILEUM_F1,Brood,ILEUM_Brood,11/25/2015,,MA & JN,6/11/2016,26.8
cI161,18,ILEUM,152,1,01W,01W_ILEUM,F1B,F1,ILEUM_F1B,F1B_01W,ILEUM_F1,Brood,ILEUM_Brood,11/25/2015,,MA & JN,6/11/2016,30.8
cI162,19,ILEUM,124,1,01W,01W_ILEUM,F1B,F1,ILEUM_F1B,F1B_01W,ILEUM_F1,Brood,ILEUM_Brood,11/25/2015,,MA & JN,6/11/2016,21.4
cI163,20,ILEUM,138,1,01W,01W_ILEUM,F1B,F1,ILEUM_F1B,F1B_01W,ILEUM_F1,Brood,ILEUM_Brood,11/25/2015,,MA & JN,6/11/2016,20.9
cI164,21,ILEUM,119,1,01W,01W_ILEUM,F1B,F1,ILEUM_F1B,F1B_01W,ILEUM_F1,Brood,ILEUM_Brood,11/25/2015,,MA & JN,6/11/2016,18.2
cI165,22,ILEUM,110,1,01W,01W_ILEUM,F1B,F1,ILEUM_F1B,F1B_01W,ILEUM_F1,Brood,ILEUM_Brood,11/25/2015,,MA & JN,6/11/2016,131.9
cI166,23,ILEUM,139,1,01W,01W_ILEUM,F1B,F1,ILEUM_F1B,F1B_01W,ILEUM_F1,Brood,ILEUM_Brood,11/25/2015,,MA & JN,6/11/2016,10.7
cI167,25,ILEUM,802,3,03W,03W_ILEUM,F1B,F1,ILEUM_F1B,F1B_03W,ILEUM_F1,Brood,ILEUM_Brood,12/10/2015,,MA & JN,6/11/2016,61.6
cI168,26,ILEUM,789,3,03W,03W_ILEUM,F1B,F1,ILEUM_F1B,F1B_03W,ILEUM_F1,Brood,ILEUM_Brood,12/10/2015,,MA & JN,6/11/2016,22.3
cI169,27,ILEUM,526,3,03W,03W_ILEUM,F1B,F1,ILEUM_F1B,F1B_03W,ILEUM_F1,Brood,ILEUM_Brood,12/10/2015,,MA & JN,6/11/2016,45.1
cI170,28,ILEUM,792,3,03W,03W_ILEUM,F1B,F1,ILEUM_F1B,F1B_03W,ILEUM_F1,Brood,ILEUM_Brood,12/10/2015,,MA & JN,6/11/2016,26.6
cI171,29,ILEUM,614,3,03W,03W_ILEUM,F1B,F1,ILEUM_F1B,F1B_03W,ILEUM_F1,Brood,ILEUM_Brood,12/10/2015,,MA & JN,6/11/2016,39.2
cI172,30,ILEUM,689,3,03W,03W_ILEUM,F1B,F1,ILEUM_F1B,F1B_03W,ILEUM_F1,Brood,ILEUM_Brood,12/10/2015,,MA & JN,6/11/2016,66
cI173,31,ILEUM,457,3,03W,03W_ILEUM,F1B,F1,ILEUM_F1B,F1B_03W,ILEUM_F1,Brood,ILEUM_Brood,12/10/2015,,MA & JN,6/11/2016,53.2
cI174,32,ILEUM,763,3,03W,03W_ILEUM,F1B,F1,ILEUM_F1B,F1B_03W,ILEUM_F1,Brood,ILEUM_Brood,12/10/2015,,MA & JN,6/11/2016,18.7
cI175,33,ILEUM,777,3,03W,03W_ILEUM,F1B,F1,ILEUM_F1B,F1B_03W,ILEUM_F1,Brood,ILEUM_Brood,12/10/2015,,MA & JN,6/11/2016,67
cI176,34,ILEUM,749,3,03W,03W_ILEUM,F1B,F1,ILEUM_F1B,F1B_03W,ILEUM_F1,Brood,ILEUM_Brood,12/10/2015,,MA & JN,6/11/2016,31.1
cI177,45,ILEUM,1281,5,05W,05W_ILEUM,F1B,F1,ILEUM_F1B,F1B_05W,ILEUM_F1,Brood,ILEUM_Brood,12/22/2015,,MA & JN,6/11/2016,191.2
cI178,46,ILEUM,1642,5,05W,05W_ILEUM,F1B,F1,ILEUM_F1B,F1B_05W,ILEUM_F1,Brood,ILEUM_Brood,12/22/2015,,MA & JN,6/11/2016,219.3
cI179,47,ILEUM,1745,5,05W,05W_ILEUM,F1B,F1,ILEUM_F1B,F1B_05W,ILEUM_F1,Brood,ILEUM_Brood,12/22/2015,,MA & JN,6/11/2016,289.2
cI180,48,ILEUM,1680,5,05W,05W_ILEUM,F1B,F1,ILEUM_F1B,F1B_05W,ILEUM_F1,Brood,ILEUM_Brood,12/22/2015,,MA & JN,6/11/2016,222.6
cI181,49,ILEUM,1655,5,05W,05W_ILEUM,F1B,F1,ILEUM_F1B,F1B_05W,ILEUM_F1,Brood,ILEUM_Brood,12/22/2015,,MA & JN,6/11/2016,211.6
cI182,50,ILEUM,1442,5,05W,05W_ILEUM,F1B,F1,ILEUM_F1B,F1B_05W,ILEUM_F1,Brood,ILEUM_Brood,12/22/2015,,MA & JN,6/11/2016,199.6
cI183,51,ILEUM,1593,5,05W,05W_ILEUM,F1B,F1,ILEUM_F1B,F1B_05W,ILEUM_F1,Brood,ILEUM_Brood,12/22/2015,,MA & JN,6/11/2016,158.1
cI184,52,ILEUM,1513,5,05W,05W_ILEUM,F1B,F1,ILEUM_F1B,F1B_05W,ILEUM_F1,Brood,ILEUM_Brood,12/22/2015,,MA & JN,6/11/2016,231.4
cI185,53,ILEUM,1418,5,05W,05W_ILEUM,F1B,F1,ILEUM_F1B,F1B_05W,ILEUM_F1,Brood,ILEUM_Brood,12/22/2015,,MA & JN,6/11/2016,223.5
cI186,54,ILEUM,1710,5,05W,05W_ILEUM,F1B,F1,ILEUM_F1B,F1B_05W,ILEUM_F1,Brood,ILEUM_Brood,12/22/2015,,MA & JN,6/11/2016,151.7
cI187,65,ILEUM,3600,8,08W,08W_ILEUM,F1G,F1,ILEUM_F1G,F1G_08W,ILEUM_F1,Grow-out,ILEUM_Grow-out,1/11/2016,,MA & JN,6/11/2016,252.2
cI188,66,ILEUM,3800,8,08W,08W_ILEUM,F1G,F1,ILEUM_F1G,F1G_08W,ILEUM_F1,Grow-out,ILEUM_Grow-out,1/11/2016,,MA & JN,6/11/2016,202.9
cI189,67,ILEUM,3400,8,08W,08W_ILEUM,F1G,F1,ILEUM_F1G,F1G_08W,ILEUM_F1,Grow-out,ILEUM_Grow-out,1/11/2016,,MA & JN,6/11/2016,220
cI190,68,ILEUM,4100,8,08W,08W_ILEUM,F1G,F1,ILEUM_F1G,F1G_08W,ILEUM_F1,Grow-out,ILEUM_Grow-out,1/11/2016,,MA & JN,6/11/2016,160.4
cI191,69,ILEUM,3400,8,08W,08W_ILEUM,F1G,F1,ILEUM_F1G,F1G_08W,ILEUM_F1,Grow-out,ILEUM_Grow-out,1/11/2016,,MA & JN,6/11/2016,222.4
cI192,70,ILEUM,3600,8,08W,08W_ILEUM,F1G,F1,ILEUM_F1G,F1G_08W,ILEUM_F1,Grow-out,ILEUM_Grow-out,1/11/2016,,MA & JN,6/11/2016,171.5
cI193,71,ILEUM,3400,8,08W,08W_ILEUM,F1G,F1,ILEUM_F1G,F1G_08W,ILEUM_F1,Grow-out,ILEUM_Grow-out,1/11/2016,,MA & JN,6/11/2016,160.4
cI194,72,ILEUM,4200,8,08W,08W_ILEUM,F1G,F1,ILEUM_F1G,F1G_08W,ILEUM_F1,Grow-out,ILEUM_Grow-out,1/11/2016,,MA & JN,6/11/2016,211.1
cI195,73,ILEUM,3300,8,08W,08W_ILEUM,F1G,F1,ILEUM_F1G,F1G_08W,ILEUM_F1,Grow-out,ILEUM_Grow-out,1/11/2016,,MA & JN,6/11/2016,271.3
cI196,74,ILEUM,3300,8,08W,08W_ILEUM,F1G,F1,ILEUM_F1G,F1G_08W,ILEUM_F1,Grow-out,ILEUM_Grow-out,1/11/2016,,MA & JN,6/11/2016,217
cI197,93,ILEUM,10300,12,12W,12W_ILEUM,F1G,F1,ILEUM_F1G,F1G_12W,ILEUM_F1,Grow-out,ILEUM_Grow-out,2/8/2016,M,MA & JN,6/11/2016,119.1
cI198,94,ILEUM,10000,12,12W,12W_ILEUM,F1G,F1,ILEUM_F1G,F1G_12W,ILEUM_F1,Grow-out,ILEUM_Grow-out,2/8/2016,M,MA & JN,6/11/2016,198.2
cI199,95,ILEUM,9300,12,12W,12W_ILEUM,F1G,F1,ILEUM_F1G,F1G_12W,ILEUM_F1,Grow-out,ILEUM_Grow-out,2/8/2016,M,MA & JN,6/11/2016,184
cI200,96,ILEUM,10000,12,12W,12W_ILEUM,F1G,F1,ILEUM_F1G,F1G_12W,ILEUM_F1,Grow-out,ILEUM_Grow-out,2/8/2016,M,MA & JN,6/13/2016,76.4
cI201,97,ILEUM,8500,12,12W,12W_ILEUM,F1G,F1,ILEUM_F1G,F1G_12W,ILEUM_F1,Grow-out,ILEUM_Grow-out,2/8/2016,M,MA & JN,6/13/2016,148
cI202,98,ILEUM,9000,12,12W,12W_ILEUM,F1G,F1,ILEUM_F1G,F1G_12W,ILEUM_F1,Grow-out,ILEUM_Grow-out,2/8/2016,M,MA & JN,6/13/2016,105.7
cI203,99,ILEUM,9100,12,12W,12W_ILEUM,F1G,F1,ILEUM_F1G,F1G_12W,ILEUM_F1,Grow-out,ILEUM_Grow-out,2/8/2016,M,MA & JN,6/13/2016,110.4
cI204,100,ILEUM,8300,12,12W,12W_ILEUM,F1G,F1,ILEUM_F1G,F1G_12W,ILEUM_F1,Grow-out,ILEUM_Grow-out,2/8/2016,M,MA & JN,6/13/2016,219.9
cI205,101,ILEUM,17400,16,16W,16W_ILEUM,F1G,F1,ILEUM_F1G,F1G_16W,ILEUM_F1,Grow-out,ILEUM_Grow-out,3/7/2016,M,MA & JN,6/13/2016,130.3
cI206,102,ILEUM,16600,16,16W,16W_ILEUM,F1G,F1,ILEUM_F1G,F1G_16W,ILEUM_F1,Grow-out,ILEUM_Grow-out,3/7/2016,M,MA & JN,6/13/2016,157.7
cI207,103,ILEUM,17600,16,16W,16W_ILEUM,F1G,F1,ILEUM_F1G,F1G_16W,ILEUM_F1,Grow-out,ILEUM_Grow-out,3/7/2016,M,MA & JN,6/13/2016,127.5
cI208,104,ILEUM,15000,16,16W,16W_ILEUM,F1G,F1,ILEUM_F1G,F1G_16W,ILEUM_F1,Grow-out,ILEUM_Grow-out,3/7/2016,M,MA & JN,6/13/2016,177.7
cT209,1,TRACHEA,137,1,01W,01W_TRACHEA,F2B,F2,TRACHEA_F2B,F2B_01W,TRACHEA_F2,Brood,TRACHEA_Brood,11/25/2015,,MA & JN,6/6/2016,85.7
cT210,2,TRACHEA,157,1,01W,01W_TRACHEA,F2B,F2,TRACHEA_F2B,F2B_01W,TRACHEA_F2,Brood,TRACHEA_Brood,11/25/2015,,MA & JN,6/6/2016,82.9
cT211,3,TRACHEA,132,1,01W,01W_TRACHEA,F2B,F2,TRACHEA_F2B,F2B_01W,TRACHEA_F2,Brood,TRACHEA_Brood,11/25/2015,,MA & JN,6/6/2016,17.9
cT212,4,TRACHEA,135,1,01W,01W_TRACHEA,F2B,F2,TRACHEA_F2B,F2B_01W,TRACHEA_F2,Brood,TRACHEA_Brood,11/25/2015,,MA & JN,6/6/2016,153.8
cT213,5,TRACHEA,163,1,01W,01W_TRACHEA,F2B,F2,TRACHEA_F2B,F2B_01W,TRACHEA_F2,Brood,TRACHEA_Brood,11/25/2015,,MA & JN,6/6/2016,75.1
cT214,6,TRACHEA,153,1,01W,01W_TRACHEA,F2B,F2,TRACHEA_F2B,F2B_01W,TRACHEA_F2,Brood,TRACHEA_Brood,11/25/2015,,MA & JN,6/6/2016,163
cT215,7,TRACHEA,151,1,01W,01W_TRACHEA,F2B,F2,TRACHEA_F2B,F2B_01W,TRACHEA_F2,Brood,TRACHEA_Brood,11/25/2015,,MA & JN,6/6/2016,106.1
cT216,8,TRACHEA,152,1,01W,01W_TRACHEA,F2B,F2,TRACHEA_F2B,F2B_01W,TRACHEA_F2,Brood,TRACHEA_Brood,11/25/2015,,MA & JN,6/6/2016,48.4
cT217,9,TRACHEA,109,1,01W,01W_TRACHEA,F2B,F2,TRACHEA_F2B,F2B_01W,TRACHEA_F2,Brood,TRACHEA_Brood,11/25/2015,,MA & JN,6/6/2016,11.4
cT218,10,TRACHEA,160,1,01W,01W_TRACHEA,F2B,F2,TRACHEA_F2B,F2B_01W,TRACHEA_F2,Brood,TRACHEA_Brood,11/25/2015,,MA & JN,6/6/2016,154.2
cT219,35,TRACHEA,634,3,03W,03W_TRACHEA,F2B,F2,TRACHEA_F2B,F2B_03W,TRACHEA_F2,Brood,TRACHEA_Brood,12/10/2015,,MA & JN,6/8/2016,220.1
cT220,36,TRACHEA,782,3,03W,03W_TRACHEA,F2B,F2,TRACHEA_F2B,F2B_03W,TRACHEA_F2,Brood,TRACHEA_Brood,12/10/2015,,MA & JN,6/8/2016,207.3
cT221,37,TRACHEA,582,3,03W,03W_TRACHEA,F2B,F2,TRACHEA_F2B,F2B_03W,TRACHEA_F2,Brood,TRACHEA_Brood,12/10/2015,,MA & JN,6/8/2016,168.6
cT222,38,TRACHEA,662,3,03W,03W_TRACHEA,F2B,F2,TRACHEA_F2B,F2B_03W,TRACHEA_F2,Brood,TRACHEA_Brood,12/10/2015,,MA & JN,6/8/2016,106.4
cT223,39,TRACHEA,755,3,03W,03W_TRACHEA,F2B,F2,TRACHEA_F2B,F2B_03W,TRACHEA_F2,Brood,TRACHEA_Brood,12/10/2015,,MA & JN,6/8/2016,189.4
cT224,40,TRACHEA,712,3,03W,03W_TRACHEA,F2B,F2,TRACHEA_F2B,F2B_03W,TRACHEA_F2,Brood,TRACHEA_Brood,12/10/2015,,MA & JN,6/8/2016,120.6
cT225,41,TRACHEA,437,3,03W,03W_TRACHEA,F2B,F2,TRACHEA_F2B,F2B_03W,TRACHEA_F2,Brood,TRACHEA_Brood,12/10/2015,,MA & JN,6/8/2016,137.9
cT226,42,TRACHEA,750,3,03W,03W_TRACHEA,F2B,F2,TRACHEA_F2B,F2B_03W,TRACHEA_F2,Brood,TRACHEA_Brood,12/10/2015,,MA & JN,6/8/2016,240.4
cT227,43,TRACHEA,568,3,03W,03W_TRACHEA,F2B,F2,TRACHEA_F2B,F2B_03W,TRACHEA_F2,Brood,TRACHEA_Brood,12/10/2015,,MA & JN,6/8/2016,240.8
cT228,44,TRACHEA,753,3,03W,03W_TRACHEA,F2B,F2,TRACHEA_F2B,F2B_03W,TRACHEA_F2,Brood,TRACHEA_Brood,12/10/2015,,MA & JN,6/8/2016,133.1
cT229,55,TRACHEA,1204,5,05W,05W_TRACHEA,F2B,F2,TRACHEA_F2B,F2B_05W,TRACHEA_F2,Brood,TRACHEA_Brood,12/22/2015,,MA & JN,6/8/2016,153.1
cT230,56,TRACHEA,1499,5,05W,05W_TRACHEA,F2B,F2,TRACHEA_F2B,F2B_05W,TRACHEA_F2,Brood,TRACHEA_Brood,12/22/2015,,MA & JN,6/8/2016,166.5
cT231,57,TRACHEA,1708,5,05W,05W_TRACHEA,F2B,F2,TRACHEA_F2B,F2B_05W,TRACHEA_F2,Brood,TRACHEA_Brood,12/22/2015,,MA & JN,6/8/2016,150.5
cT232,58,TRACHEA,1663,5,05W,05W_TRACHEA,F2B,F2,TRACHEA_F2B,F2B_05W,TRACHEA_F2,Brood,TRACHEA_Brood,12/22/2015,,MA & JN,6/8/2016,99.3
cT233,59,TRACHEA,1540,5,05W,05W_TRACHEA,F2B,F2,TRACHEA_F2B,F2B_05W,TRACHEA_F2,Brood,TRACHEA_Brood,12/22/2015,,MA & JN,6/8/2016,263.2
cT234,60,TRACHEA,959,5,05W,05W_TRACHEA,F2B,F2,TRACHEA_F2B,F2B_05W,TRACHEA_F2,Brood,TRACHEA_Brood,12/22/2015,,MA & JN,6/8/2016,191.9
cT235,61,TRACHEA,1237,5,05W,05W_TRACHEA,F2B,F2,TRACHEA_F2B,F2B_05W,TRACHEA_F2,Brood,TRACHEA_Brood,12/22/2015,,MA & JN,6/8/2016,169
cT236,62,TRACHEA,1259,5,05W,05W_TRACHEA,F2B,F2,TRACHEA_F2B,F2B_05W,TRACHEA_F2,Brood,TRACHEA_Brood,12/22/2015,,MA & JN,6/8/2016,82.5
cT237,63,TRACHEA,1362,5,05W,05W_TRACHEA,F2B,F2,TRACHEA_F2B,F2B_05W,TRACHEA_F2,Brood,TRACHEA_Brood,12/22/2015,,MA & JN,6/8/2016,126.5
cT238,64,TRACHEA,1374,5,05W,05W_TRACHEA,F2B,F2,TRACHEA_F2B,F2B_05W,TRACHEA_F2,Brood,TRACHEA_Brood,12/22/2015,,MA & JN,6/8/2016,148.1
cT239,75,TRACHEA,3500,8,08W,08W_TRACHEA,F2G,F2,TRACHEA_F2G,F2G_08W,TRACHEA_F2,Grow-out,TRACHEA_Grow-out,1/11/2016,,MA & JN,6/8/2016,432.5
cT240,76,TRACHEA,3000,8,08W,08W_TRACHEA,F2G,F2,TRACHEA_F2G,F2G_08W,TRACHEA_F2,Grow-out,TRACHEA_Grow-out,1/11/2016,,MA & JN,6/8/2016,76.6
cT241,77,TRACHEA,3700,8,08W,08W_TRACHEA,F2G,F2,TRACHEA_F2G,F2G_08W,TRACHEA_F2,Grow-out,TRACHEA_Grow-out,1/11/2016,,MA & JN,6/8/2016,207.7
cT242,78,TRACHEA,2800,8,08W,08W_TRACHEA,F2G,F2,TRACHEA_F2G,F2G_08W,TRACHEA_F2,Grow-out,TRACHEA_Grow-out,1/11/2016,,MA & JN,6/8/2016,257.7
cT243,79,TRACHEA,3100,8,08W,08W_TRACHEA,F2G,F2,TRACHEA_F2G,F2G_08W,TRACHEA_F2,Grow-out,TRACHEA_Grow-out,1/11/2016,,MA & JN,6/8/2016,447.3
cT244,80,TRACHEA,3300,8,08W,08W_TRACHEA,F2G,F2,TRACHEA_F2G,F2G_08W,TRACHEA_F2,Grow-out,TRACHEA_Grow-out,1/11/2016,,MA & JN,6/8/2016,343.6
cT245,81,TRACHEA,3500,8,08W,08W_TRACHEA,F2G,F2,TRACHEA_F2G,F2G_08W,TRACHEA_F2,Grow-out,TRACHEA_Grow-out,1/11/2016,,MA & JN,6/8/2016,59.2
cT246,82,TRACHEA,2700,8,08W,08W_TRACHEA,F2G,F2,TRACHEA_F2G,F2G_08W,TRACHEA_F2,Grow-out,TRACHEA_Grow-out,1/11/2016,,MA & JN,6/8/2016,233.6
cT247,83,TRACHEA,3800,8,08W,08W_TRACHEA,F2G,F2,TRACHEA_F2G,F2G_08W,TRACHEA_F2,Grow-out,TRACHEA_Grow-out,1/11/2016,,MA & JN,6/8/2016,55.2
cT248,84,TRACHEA,3300,8,08W,08W_TRACHEA,F2G,F2,TRACHEA_F2G,F2G_08W,TRACHEA_F2,Grow-out,TRACHEA_Grow-out,1/11/2016,,MA & JN,6/8/2016,87.1
cT249,85,TRACHEA,9200,12,12W,12W_TRACHEA,F2G,F2,TRACHEA_F2G,F2G_12W,TRACHEA_F2,Grow-out,TRACHEA_Grow-out,2/8/2016,M,MA & JN,6/8/2016,237.1
cT250,86,TRACHEA,7400,12,12W,12W_TRACHEA,F2G,F2,TRACHEA_F2G,F2G_12W,TRACHEA_F2,Grow-out,TRACHEA_Grow-out,2/8/2016,M,MA & JN,6/8/2016,365.5
cT251,87,TRACHEA,8800,12,12W,12W_TRACHEA,F2G,F2,TRACHEA_F2G,F2G_12W,TRACHEA_F2,Grow-out,TRACHEA_Grow-out,2/8/2016,M,MA & JN,6/8/2016,268.6
cT252,88,TRACHEA,8600,12,12W,12W_TRACHEA,F2G,F2,TRACHEA_F2G,F2G_12W,TRACHEA_F2,Grow-out,TRACHEA_Grow-out,2/8/2016,M,MA & JN,6/8/2016,362
cT253,89,TRACHEA,7800,12,12W,12W_TRACHEA,F2G,F2,TRACHEA_F2G,F2G_12W,TRACHEA_F2,Grow-out,TRACHEA_Grow-out,2/8/2016,M,MA & JN,6/8/2016,444.7
cT254,90,TRACHEA,7300,12,12W,12W_TRACHEA,F2G,F2,TRACHEA_F2G,F2G_12W,TRACHEA_F2,Grow-out,TRACHEA_Grow-out,2/8/2016,M,MA & JN,6/8/2016,13.7
cT255,91,TRACHEA,8400,12,12W,12W_TRACHEA,F2G,F2,TRACHEA_F2G,F2G_12W,TRACHEA_F2,Grow-out,TRACHEA_Grow-out,2/8/2016,M,MA & JN,6/8/2016,338.7
cT256,92,TRACHEA,8500,12,12W,12W_TRACHEA,F2G,F2,TRACHEA_F2G,F2G_12W,TRACHEA_F2,Grow-out,TRACHEA_Grow-out,2/8/2016,M,MA & JN,6/8/2016,461.1
cT257,105,TRACHEA,14200,16,16W,16W_TRACHEA,F2G,F2,TRACHEA_F2G,F2G_16W,TRACHEA_F2,Grow-out,TRACHEA_Grow-out,3/7/2016,M,MA & JN,6/8/2016,280.9
cT258,106,TRACHEA,13600,16,16W,16W_TRACHEA,F2G,F2,TRACHEA_F2G,F2G_16W,TRACHEA_F2,Grow-out,TRACHEA_Grow-out,3/7/2016,M,MA & JN,6/8/2016,243.1
cT259,107,TRACHEA,13400,16,16W,16W_TRACHEA,F2G,F2,TRACHEA_F2G,F2G_16W,TRACHEA_F2,Grow-out,TRACHEA_Grow-out,3/7/2016,M,MA & JN,6/8/2016,95.2
cT260,108,TRACHEA,13600,16,16W,16W_TRACHEA,F2G,F2,TRACHEA_F2G,F2G_16W,TRACHEA_F2,Grow-out,TRACHEA_Grow-out,3/7/2016,M,MA & JN,6/8/2016,85.6
cT261,14,TRACHEA,152,1,01W,01W_TRACHEA,F1B,F1,TRACHEA_F1B,F1B_01W,TRACHEA_F1,Brood,TRACHEA_Brood,11/25/2015,,MA & JN,6/8/2016,8.1
cT262,15,TRACHEA,153,1,01W,01W_TRACHEA,F1B,F1,TRACHEA_F1B,F1B_01W,TRACHEA_F1,Brood,TRACHEA_Brood,11/25/2015,,MA & JN,6/8/2016,223.7
cT263,16,TRACHEA,152,1,01W,01W_TRACHEA,F1B,F1,TRACHEA_F1B,F1B_01W,TRACHEA_F1,Brood,TRACHEA_Brood,11/25/2015,,MA & JN,6/8/2016,207.9
cT264,17,TRACHEA,189,1,01W,01W_TRACHEA,F1B,F1,TRACHEA_F1B,F1B_01W,TRACHEA_F1,Brood,TRACHEA_Brood,11/25/2015,,MA & JN,6/8/2016,44.4
cT265,18,TRACHEA,152,1,01W,01W_TRACHEA,F1B,F1,TRACHEA_F1B,F1B_01W,TRACHEA_F1,Brood,TRACHEA_Brood,11/25/2015,,MA & JN,6/8/2016,18.4
cT266,19,TRACHEA,124,1,01W,01W_TRACHEA,F1B,F1,TRACHEA_F1B,F1B_01W,TRACHEA_F1,Brood,TRACHEA_Brood,11/25/2015,,MA & JN,6/8/2016,27.8
cT267,20,TRACHEA,138,1,01W,01W_TRACHEA,F1B,F1,TRACHEA_F1B,F1B_01W,TRACHEA_F1,Brood,TRACHEA_Brood,11/25/2015,,MA & JN,6/8/2016,25.8
cT268,21,TRACHEA,119,1,01W,01W_TRACHEA,F1B,F1,TRACHEA_F1B,F1B_01W,TRACHEA_F1,Brood,TRACHEA_Brood,11/25/2015,,MA & JN,6/8/2016,38
cT269,22,TRACHEA,110,1,01W,01W_TRACHEA,F1B,F1,TRACHEA_F1B,F1B_01W,TRACHEA_F1,Brood,TRACHEA_Brood,11/25/2015,,MA & JN,6/8/2016,38.5
cT270,23,TRACHEA,139,1,01W,01W_TRACHEA,F1B,F1,TRACHEA_F1B,F1B_01W,TRACHEA_F1,Brood,TRACHEA_Brood,11/25/2015,,MA & JN,6/8/2016,156.3
cT271,25,TRACHEA,802,3,03W,03W_TRACHEA,F1B,F1,TRACHEA_F1B,F1B_03W,TRACHEA_F1,Brood,TRACHEA_Brood,12/10/2015,,MA & JN,6/8/2016,202
cT272,26,TRACHEA,789,3,03W,03W_TRACHEA,F1B,F1,TRACHEA_F1B,F1B_03W,TRACHEA_F1,Brood,TRACHEA_Brood,12/10/2015,,MA & JN,6/8/2016,98.5
cT273,27,TRACHEA,526,3,03W,03W_TRACHEA,F1B,F1,TRACHEA_F1B,F1B_03W,TRACHEA_F1,Brood,TRACHEA_Brood,12/10/2015,,MA & JN,6/8/2016,142.5
cT274,28,TRACHEA,792,3,03W,03W_TRACHEA,F1B,F1,TRACHEA_F1B,F1B_03W,TRACHEA_F1,Brood,TRACHEA_Brood,12/10/2015,,MA & JN,6/8/2016,175.2
cT275,29,TRACHEA,614,3,03W,03W_TRACHEA,F1B,F1,TRACHEA_F1B,F1B_03W,TRACHEA_F1,Brood,TRACHEA_Brood,12/10/2015,,MA & JN,6/8/2016,205.3
cT276,30,TRACHEA,689,3,03W,03W_TRACHEA,F1B,F1,TRACHEA_F1B,F1B_03W,TRACHEA_F1,Brood,TRACHEA_Brood,12/10/2015,,MA & JN,6/8/2016,164
cT277,31,TRACHEA,457,3,03W,03W_TRACHEA,F1B,F1,TRACHEA_F1B,F1B_03W,TRACHEA_F1,Brood,TRACHEA_Brood,12/10/2015,,MA & JN,6/8/2016,150.1
cT278,32,TRACHEA,763,3,03W,03W_TRACHEA,F1B,F1,TRACHEA_F1B,F1B_03W,TRACHEA_F1,Brood,TRACHEA_Brood,12/10/2015,,MA & JN,6/8/2016,106.4
cT279,33,TRACHEA,777,3,03W,03W_TRACHEA,F1B,F1,TRACHEA_F1B,F1B_03W,TRACHEA_F1,Brood,TRACHEA_Brood,12/10/2015,,MA & JN,6/8/2016,148.2
cT280,34,TRACHEA,749,3,03W,03W_TRACHEA,F1B,F1,TRACHEA_F1B,F1B_03W,TRACHEA_F1,Brood,TRACHEA_Brood,12/10/2015,,MA & JN,6/8/2016,134.3
cT281,45,TRACHEA,1281,5,05W,05W_TRACHEA,F1B,F1,TRACHEA_F1B,F1B_05W,TRACHEA_F1,Brood,TRACHEA_Brood,12/22/2015,,MA & JN,6/8/2016,163.8
cT282,46,TRACHEA,1642,5,05W,05W_TRACHEA,F1B,F1,TRACHEA_F1B,F1B_05W,TRACHEA_F1,Brood,TRACHEA_Brood,12/22/2015,,MA & JN,6/8/2016,137
cT283,47,TRACHEA,1745,5,05W,05W_TRACHEA,F1B,F1,TRACHEA_F1B,F1B_05W,TRACHEA_F1,Brood,TRACHEA_Brood,12/22/2015,,MA & JN,6/8/2016,271
cT284,48,TRACHEA,1680,5,05W,05W_TRACHEA,F1B,F1,TRACHEA_F1B,F1B_05W,TRACHEA_F1,Brood,TRACHEA_Brood,12/22/2015,,MA & JN,6/8/2016,194.8
cT285,49,TRACHEA,1655,5,05W,05W_TRACHEA,F1B,F1,TRACHEA_F1B,F1B_05W,TRACHEA_F1,Brood,TRACHEA_Brood,12/22/2015,,MA & JN,6/8/2016,367.1
cT286,50,TRACHEA,1442,5,05W,05W_TRACHEA,F1B,F1,TRACHEA_F1B,F1B_05W,TRACHEA_F1,Brood,TRACHEA_Brood,12/22/2015,,MA & JN,6/8/2016,278.5
cT287,51,TRACHEA,1593,5,05W,05W_TRACHEA,F1B,F1,TRACHEA_F1B,F1B_05W,TRACHEA_F1,Brood,TRACHEA_Brood,12/22/2015,,MA & JN,6/8/2016,139.4
cT288,52,TRACHEA,1513,5,05W,05W_TRACHEA,F1B,F1,TRACHEA_F1B,F1B_05W,TRACHEA_F1,Brood,TRACHEA_Brood,12/22/2015,,MA & JN,6/8/2016,79.3
cT289,53,TRACHEA,1418,5,05W,05W_TRACHEA,F1B,F1,TRACHEA_F1B,F1B_05W,TRACHEA_F1,Brood,TRACHEA_Brood,12/22/2015,,MA & JN,6/8/2016,91.4
cT290,54,TRACHEA,1710,5,05W,05W_TRACHEA,F1B,F1,TRACHEA_F1B,F1B_05W,TRACHEA_F1,Brood,TRACHEA_Brood,12/22/2015,,MA & JN,6/8/2016,272.2
cT291,65,TRACHEA,3600,8,08W,08W_TRACHEA,F1G,F1,TRACHEA_F1G,F1G_08W,TRACHEA_F1,Grow-out,TRACHEA_Grow-out,1/11/2016,,MA & JN,6/8/2016,95.1
cT292,66,TRACHEA,3800,8,08W,08W_TRACHEA,F1G,F1,TRACHEA_F1G,F1G_08W,TRACHEA_F1,Grow-out,TRACHEA_Grow-out,1/11/2016,,MA & JN,6/8/2016,157.5
cT293,67,TRACHEA,3400,8,08W,08W_TRACHEA,F1G,F1,TRACHEA_F1G,F1G_08W,TRACHEA_F1,Grow-out,TRACHEA_Grow-out,1/11/2016,,MA & JN,6/8/2016,290.1
cT294,68,TRACHEA,4100,8,08W,08W_TRACHEA,F1G,F1,TRACHEA_F1G,F1G_08W,TRACHEA_F1,Grow-out,TRACHEA_Grow-out,1/11/2016,,MA & JN,6/8/2016,114
cT295,69,TRACHEA,3400,8,08W,08W_TRACHEA,F1G,F1,TRACHEA_F1G,F1G_08W,TRACHEA_F1,Grow-out,TRACHEA_Grow-out,1/11/2016,,MA & JN,6/8/2016,52.4
cT296,70,TRACHEA,3600,8,08W,08W_TRACHEA,F1G,F1,TRACHEA_F1G,F1G_08W,TRACHEA_F1,Grow-out,TRACHEA_Grow-out,1/11/2016,,MA & JN,6/8/2016,55.8
cT297,71,TRACHEA,3400,8,08W,08W_TRACHEA,F1G,F1,TRACHEA_F1G,F1G_08W,TRACHEA_F1,Grow-out,TRACHEA_Grow-out,1/11/2016,,MA & JN,6/8/2016,69.1
cT298,72,TRACHEA,4200,8,08W,08W_TRACHEA,F1G,F1,TRACHEA_F1G,F1G_08W,TRACHEA_F1,Grow-out,TRACHEA_Grow-out,1/11/2016,,MA & JN,6/8/2016,64.3
cT299,73,TRACHEA,3300,8,08W,08W_TRACHEA,F1G,F1,TRACHEA_F1G,F1G_08W,TRACHEA_F1,Grow-out,TRACHEA_Grow-out,1/11/2016,,MA & JN,6/8/2016,34.4
cT300,74,TRACHEA,3300,8,08W,08W_TRACHEA,F1G,F1,TRACHEA_F1G,F1G_08W,TRACHEA_F1,Grow-out,TRACHEA_Grow-out,1/11/2016,,MA & JN,6/8/2016,38.2
cT301,93,TRACHEA,10300,12,12W,12W_TRACHEA,F1G,F1,TRACHEA_F1G,F1G_12W,TRACHEA_F1,Grow-out,TRACHEA_Grow-out,2/8/2016,M,MA & JN,6/8/2016,37.4
cT302,94,TRACHEA,10000,12,12W,12W_TRACHEA,F1G,F1,TRACHEA_F1G,F1G_12W,TRACHEA_F1,Grow-out,TRACHEA_Grow-out,2/8/2016,M,MA & JN,6/8/2016,161.5
cT303,95,TRACHEA,9300,12,12W,12W_TRACHEA,F1G,F1,TRACHEA_F1G,F1G_12W,TRACHEA_F1,Grow-out,TRACHEA_Grow-out,2/8/2016,M,MA & JN,6/8/2016,117.3
cT304,96,TRACHEA,10000,12,12W,12W_TRACHEA,F1G,F1,TRACHEA_F1G,F1G_12W,TRACHEA_F1,Grow-out,TRACHEA_Grow-out,2/8/2016,M,MA & JN,6/8/2016,162.8
cT305,97,TRACHEA,8500,12,12W,12W_TRACHEA,F1G,F1,TRACHEA_F1G,F1G_12W,TRACHEA_F1,Grow-out,TRACHEA_Grow-out,2/8/2016,M,MA & JN,6/8/2016,102.8
cT306,98,TRACHEA,9000,12,12W,12W_TRACHEA,F1G,F1,TRACHEA_F1G,F1G_12W,TRACHEA_F1,Grow-out,TRACHEA_Grow-out,2/8/2016,M,MA & JN,6/8/2016,64.6
cT307,99,TRACHEA,9100,12,12W,12W_TRACHEA,F1G,F1,TRACHEA_F1G,F1G_12W,TRACHEA_F1,Grow-out,TRACHEA_Grow-out,2/8/2016,M,MA & JN,6/8/2016,161.4
cT308,100,TRACHEA,8300,12,12W,12W_TRACHEA,F1G,F1,TRACHEA_F1G,F1G_12W,TRACHEA_F1,Grow-out,TRACHEA_Grow-out,2/8/2016,M,MA & JN,6/8/2016,155.6
cT309,101,TRACHEA,17400,16,16W,16W_TRACHEA,F1G,F1,TRACHEA_F1G,F1G_16W,TRACHEA_F1,Grow-out,TRACHEA_Grow-out,3/7/2016,M,MA & JN,6/8/2016,68.9
cT310,102,TRACHEA,16600,16,16W,16W_TRACHEA,F1G,F1,TRACHEA_F1G,F1G_16W,TRACHEA_F1,Grow-out,TRACHEA_Grow-out,3/7/2016,M,MA & JN,6/8/2016,77.9
cT311,103,TRACHEA,17600,16,16W,16W_TRACHEA,F1G,F1,TRACHEA_F1G,F1G_16W,TRACHEA_F1,Grow-out,TRACHEA_Grow-out,3/7/2016,M,MA & JN,6/8/2016,256.3
cT312,104,TRACHEA,15000,16,16W,16W_TRACHEA,F1G,F1,TRACHEA_F1G,F1G_16W,TRACHEA_F1,Grow-out,TRACHEA_Grow-out,3/7/2016,M,MA & JN,6/8/2016,93.6
cSW313,Pooled (1-5),NASAL,145,1,01W,01W_NASAL,F2B,F2,NASAL_F2B,F2B_01W,NASAL_F2,Brood,NASAL_Brood,11/25/2015,,MA & JN,6/8/2016,12
cSW314,Pooled (6-9),NASAL,141,1,01W,01W_NASAL,F2B,F2,NASAL_F2B,F2B_01W,NASAL_F2,Brood,NASAL_Brood,11/25/2015,,MA & JN,6/8/2016,57.6
cSW315,Pooled (35 & 36),NASAL,708,3,03W,03W_NASAL,F2B,F2,NASAL_F2B,F2B_03W,NASAL_F2,Brood,NASAL_Brood,11/25/2015,,MA & JN,6/8/2016,316.3
cSW316,Pooled (37-38),NASAL,622,3,03W,03W_NASAL,F2B,F2,NASAL_F2B,F2B_03W,NASAL_F2,Brood,NASAL_Brood,11/25/2015,,MA & JN,6/8/2016,377
cSW317,Pooled (39-40),NASAL,734,3,03W,03W_NASAL,F2B,F2,NASAL_F2B,F2B_03W,NASAL_F2,Brood,NASAL_Brood,11/25/2015,,MA & JN,6/8/2016,109.2
cSW318,Pooled (41-42),NASAL,594,3,03W,03W_NASAL,F2B,F2,NASAL_F2B,F2B_03W,NASAL_F2,Brood,NASAL_Brood,11/25/2015,,MA & JN,6/8/2016,269.9
cSW319,Pooled (43-44),NASAL,660,3,03W,03W_NASAL,F2B,F2,NASAL_F2B,F2B_03W,NASAL_F2,Brood,NASAL_Brood,11/25/2015,,MA & JN,6/8/2016,304.5
cSW320,Pooled(55-56),NASAL,1351,5,05W,05W_NASAL,F2B,F2,NASAL_F2B,F2B_05W,NASAL_F2,Brood,NASAL_Brood,11/25/2015,,MA & JN,6/8/2016,514.1
cSW321,Pooled(57-58),NASAL,1686,5,05W,05W_NASAL,F2B,F2,NASAL_F2B,F2B_05W,NASAL_F2,Brood,NASAL_Brood,11/25/2015,,MA & JN,6/8/2016,151.9
cSW322,Pooled(59-60),NASAL,1249,5,05W,05W_NASAL,F2B,F2,NASAL_F2B,F2B_05W,NASAL_F2,Brood,NASAL_Brood,11/25/2015,,MA & JN,6/8/2016,215.6
cSW323,Pooled(61-62),NASAL,1248,5,05W,05W_NASAL,F2B,F2,NASAL_F2B,F2B_05W,NASAL_F2,Brood,NASAL_Brood,11/25/2015,,MA & JN,6/8/2016,298.4
cSW324,Pooled(63-64),NASAL,1368,5,05W,05W_NASAL,F2B,F2,NASAL_F2B,F2B_05W,NASAL_F2,Brood,NASAL_Brood,11/25/2015,,MA & JN,6/8/2016,246.2
cSW325,75,NASAL,3500,8,08W,08W_NASAL,F2G,F2,NASAL_F2G,F2G_08W,NASAL_F2,Grow-out,NASAL_Grow-out,1/11/2016,,MA & JN,6/8/2016,96.5
cSW326,76,NASAL,3000,8,08W,08W_NASAL,F2G,F2,NASAL_F2G,F2G_08W,NASAL_F2,Grow-out,NASAL_Grow-out,1/11/2016,,MA & JN,6/8/2016,245.1
cSW327,77,NASAL,3700,8,08W,08W_NASAL,F2G,F2,NASAL_F2G,F2G_08W,NASAL_F2,Grow-out,NASAL_Grow-out,1/11/2016,,MA & JN,6/8/2016,57
cSW328,78,NASAL,2800,8,08W,08W_NASAL,F2G,F2,NASAL_F2G,F2G_08W,NASAL_F2,Grow-out,NASAL_Grow-out,1/11/2016,,MA & JN,6/8/2016,66
cSW329,79,NASAL,3100,8,08W,08W_NASAL,F2G,F2,NASAL_F2G,F2G_08W,NASAL_F2,Grow-out,NASAL_Grow-out,1/11/2016,,MA & JN,6/8/2016,443.9
cSW330,80,NASAL,3300,8,08W,08W_NASAL,F2G,F2,NASAL_F2G,F2G_08W,NASAL_F2,Grow-out,NASAL_Grow-out,1/11/2016,,MA & JN,6/8/2016,271.7
cSW331,81,NASAL,3500,8,08W,08W_NASAL,F2G,F2,NASAL_F2G,F2G_08W,NASAL_F2,Grow-out,NASAL_Grow-out,1/11/2016,,MA & JN,6/8/2016,60.7
cSW332,82,NASAL,2700,8,08W,08W_NASAL,F2G,F2,NASAL_F2G,F2G_08W,NASAL_F2,Grow-out,NASAL_Grow-out,1/11/2016,,MA & JN,6/8/2016,69.6
cSW333,83,NASAL,3800,8,08W,08W_NASAL,F2G,F2,NASAL_F2G,F2G_08W,NASAL_F2,Grow-out,NASAL_Grow-out,1/11/2016,,MA & JN,6/8/2016,254.4
cSW334,84,NASAL,3300,8,08W,08W_NASAL,F2G,F2,NASAL_F2G,F2G_08W,NASAL_F2,Grow-out,NASAL_Grow-out,1/11/2016,,MA & JN,6/8/2016,70.1
cSW335,85,NASAL,9200,12,12W,12W_NASAL,F2G,F2,NASAL_F2G,F2G_12W,NASAL_F2,Grow-out,NASAL_Grow-out,2/8/2016,M,MA & JN,6/8/2016,28.2
cSW336,86,NASAL,7400,12,12W,12W_NASAL,F2G,F2,NASAL_F2G,F2G_12W,NASAL_F2,Grow-out,NASAL_Grow-out,2/8/2016,M,MA & JN,6/8/2016,69.7
cSW337,87,NASAL,8800,12,12W,12W_NASAL,F2G,F2,NASAL_F2G,F2G_12W,NASAL_F2,Grow-out,NASAL_Grow-out,2/8/2016,M,MA & JN,6/8/2016,81.4
cSW338,88,NASAL,8600,12,12W,12W_NASAL,F2G,F2,NASAL_F2G,F2G_12W,NASAL_F2,Grow-out,NASAL_Grow-out,2/8/2016,M,MA & JN,6/8/2016,88.5
cSW339,89,NASAL,7800,12,12W,12W_NASAL,F2G,F2,NASAL_F2G,F2G_12W,NASAL_F2,Grow-out,NASAL_Grow-out,2/8/2016,M,MA & JN,6/8/2016,81.4
cSW340,90,NASAL,7300,12,12W,12W_NASAL,F2G,F2,NASAL_F2G,F2G_12W,NASAL_F2,Grow-out,NASAL_Grow-out,2/8/2016,M,MA & JN,6/8/2016,77.7
cSW341,91,NASAL,8400,12,12W,12W_NASAL,F2G,F2,NASAL_F2G,F2G_12W,NASAL_F2,Grow-out,NASAL_Grow-out,2/8/2016,M,MA & JN,6/8/2016,58.1
cSW342,92,NASAL,8500,12,12W,12W_NASAL,F2G,F2,NASAL_F2G,F2G_12W,NASAL_F2,Grow-out,NASAL_Grow-out,2/8/2016,M,MA & JN,6/8/2016,65.8
cSW343,105,NASAL,14200,16,16W,16W_NASAL,F2G,F2,NASAL_F2G,F2G_16W,NASAL_F2,Grow-out,NASAL_Grow-out,3/7/2016,M,MA & JN,6/8/2016,26.6
cSW344,106,NASAL,13600,16,16W,16W_NASAL,F2G,F2,NASAL_F2G,F2G_16W,NASAL_F2,Grow-out,NASAL_Grow-out,3/7/2016,M,MA & JN,6/8/2016,91
cSW345,107,NASAL,13400,16,16W,16W_NASAL,F2G,F2,NASAL_F2G,F2G_16W,NASAL_F2,Grow-out,NASAL_Grow-out,3/7/2016,M,MA & JN,6/8/2016,34.2
cSW346,108,NASAL,13600,16,16W,16W_NASAL,F2G,F2,NASAL_F2G,F2G_16W,NASAL_F2,Grow-out,NASAL_Grow-out,3/7/2016,M,MA & JN,6/8/2016,31.4
cSW347,Pooled(13-17),NASAL,154,1,01W,01W_NASAL,F1B,F1,NASAL_F1B,F1B_01W,NASAL_F1,Brood,NASAL_Brood,11/25/2015,,MA & JN,6/9/2016,11.4
cSW348,Pooled(18-21),NASAL,133,1,01W,01W_NASAL,F1B,F1,NASAL_F1B,F1B_01W,NASAL_F1,Brood,NASAL_Brood,11/25/2015,,MA & JN,6/9/2016,24.5
cSW349,Pooled(25&28),NASAL,797,3,03W,03W_NASAL,F1B,F1,NASAL_F1B,F1B_03W,NASAL_F1,Brood,NASAL_Brood,11/25/2015,,MA & JN,6/9/2016,148.6
cSW350,Pooled(26-27),NASAL,658,3,03W,03W_NASAL,F1B,F1,NASAL_F1B,F1B_03W,NASAL_F1,Brood,NASAL_Brood,11/25/2015,,MA & JN,6/9/2016,104.2
cSW351,Pooled(29-30),NASAL,651,3,03W,03W_NASAL,F1B,F1,NASAL_F1B,F1B_03W,NASAL_F1,Brood,NASAL_Brood,11/25/2015,,MA & JN,6/9/2016,688.7
cSW352,Pooled(31-32),NASAL,610,3,03W,03W_NASAL,F1B,F1,NASAL_F1B,F1B_03W,NASAL_F1,Brood,NASAL_Brood,11/25/2015,,MA & JN,6/9/2016,208.9
cSW353,Pooled(33-34),NASAL,763,3,03W,03W_NASAL,F1B,F1,NASAL_F1B,F1B_03W,NASAL_F1,Brood,NASAL_Brood,11/25/2015,,MA & JN,6/9/2016,166.8
cSW354,Pooled(45-46),NASAL,1461,5,05W,05W_NASAL,F1B,F1,NASAL_F1B,F1B_05W,NASAL_F1,Brood,NASAL_Brood,11/25/2015,,MA & JN,6/9/2016,59.1
cSW355,Pooled(47-48),NASAL,1712,5,05W,05W_NASAL,F1B,F1,NASAL_F1B,F1B_05W,NASAL_F1,Brood,NASAL_Brood,11/25/2015,,MA & JN,6/9/2016,276.7
cSW356,Pooled(49-50),NASAL,1548,5,05W,05W_NASAL,F1B,F1,NASAL_F1B,F1B_05W,NASAL_F1,Brood,NASAL_Brood,11/25/2015,,MA & JN,6/9/2016,105.8
cSW357,Pooled(51-52),NASAL,1553,5,05W,05W_NASAL,F1B,F1,NASAL_F1B,F1B_05W,NASAL_F1,Brood,NASAL_Brood,11/25/2015,,MA & JN,6/9/2016,220
cSW358,Pooled(53-54),NASAL,1564,5,05W,05W_NASAL,F1B,F1,NASAL_F1B,F1B_05W,NASAL_F1,Brood,NASAL_Brood,11/25/2015,,MA & JN,6/9/2016,19.1
cSW359,65,NASAL,3600,8,08W,08W_NASAL,F1G,F1,NASAL_F1G,F1G_08W,NASAL_F1,Grow-out,NASAL_Grow-out,1/11/2016,,MA & JN,6/9/2016,67.1
cSW360,66,NASAL,3800,8,08W,08W_NASAL,F1G,F1,NASAL_F1G,F1G_08W,NASAL_F1,Grow-out,NASAL_Grow-out,1/11/2016,,MA & JN,6/9/2016,225.8
cSW361,67,NASAL,3400,8,08W,08W_NASAL,F1G,F1,NASAL_F1G,F1G_08W,NASAL_F1,Grow-out,NASAL_Grow-out,1/11/2016,,MA & JN,6/9/2016,63.4
cSW362,68,NASAL,4100,8,08W,08W_NASAL,F1G,F1,NASAL_F1G,F1G_08W,NASAL_F1,Grow-out,NASAL_Grow-out,1/11/2016,,MA & JN,6/9/2016,21.1
cSW363,69,NASAL,3400,8,08W,08W_NASAL,F1G,F1,NASAL_F1G,F1G_08W,NASAL_F1,Grow-out,NASAL_Grow-out,1/11/2016,,MA & JN,6/9/2016,271.4
cSW364,70,NASAL,3600,8,08W,08W_NASAL,F1G,F1,NASAL_F1G,F1G_08W,NASAL_F1,Grow-out,NASAL_Grow-out,1/11/2016,,MA & JN,6/9/2016,245.8
cSW365,71,NASAL,3400,8,08W,08W_NASAL,F1G,F1,NASAL_F1G,F1G_08W,NASAL_F1,Grow-out,NASAL_Grow-out,1/11/2016,,MA & JN,6/9/2016,113.1
cSW366,72,NASAL,4200,8,08W,08W_NASAL,F1G,F1,NASAL_F1G,F1G_08W,NASAL_F1,Grow-out,NASAL_Grow-out,1/11/2016,,MA & JN,6/9/2016,276.7
cSW367,73,NASAL,3300,8,08W,08W_NASAL,F1G,F1,NASAL_F1G,F1G_08W,NASAL_F1,Grow-out,NASAL_Grow-out,1/11/2016,,MA & JN,6/9/2016,31.3
cSW368,74,NASAL,3300,8,08W,08W_NASAL,F1G,F1,NASAL_F1G,F1G_08W,NASAL_F1,Grow-out,NASAL_Grow-out,1/11/2016,,MA & JN,6/9/2016,38.8
cSW369,93,NASAL,10300,12,12W,12W_NASAL,F1G,F1,NASAL_F1G,F1G_12W,NASAL_F1,Grow-out,NASAL_Grow-out,2/8/2016,M,MA & JN,6/9/2016,32
cSW370,94,NASAL,10000,12,12W,12W_NASAL,F1G,F1,NASAL_F1G,F1G_12W,NASAL_F1,Grow-out,NASAL_Grow-out,2/8/2016,M,MA & JN,6/9/2016,45.2
cSW371,95,NASAL,9300,12,12W,12W_NASAL,F1G,F1,NASAL_F1G,F1G_12W,NASAL_F1,Grow-out,NASAL_Grow-out,2/8/2016,M,MA & JN,6/9/2016,28.7
cSW372,96,NASAL,10000,12,12W,12W_NASAL,F1G,F1,NASAL_F1G,F1G_12W,NASAL_F1,Grow-out,NASAL_Grow-out,2/8/2016,M,MA & JN,6/9/2016,15.8
cSW373,97,NASAL,8500,12,12W,12W_NASAL,F1G,F1,NASAL_F1G,F1G_12W,NASAL_F1,Grow-out,NASAL_Grow-out,2/8/2016,M,MA & JN,6/9/2016,25.4
cSW374,98,NASAL,9000,12,12W,12W_NASAL,F1G,F1,NASAL_F1G,F1G_12W,NASAL_F1,Grow-out,NASAL_Grow-out,2/8/2016,M,MA & JN,6/9/2016,33.5
cSW375,99,NASAL,9100,12,12W,12W_NASAL,F1G,F1,NASAL_F1G,F1G_12W,NASAL_F1,Grow-out,NASAL_Grow-out,2/8/2016,M,MA & JN,6/9/2016,11
cSW376,100,NASAL,8300,12,12W,12W_NASAL,F1G,F1,NASAL_F1G,F1G_12W,NASAL_F1,Grow-out,NASAL_Grow-out,2/8/2016,M,MA & JN,6/9/2016,20.1
cSW377,101,NASAL,17400,16,16W,16W_NASAL,F1G,F1,NASAL_F1G,F1G_16W,NASAL_F1,Grow-out,NASAL_Grow-out,3/7/2016,M,MA & JN,6/9/2016,185.5
cSW378,102,NASAL,16600,16,16W,16W_NASAL,F1G,F1,NASAL_F1G,F1G_16W,NASAL_F1,Grow-out,NASAL_Grow-out,3/7/2016,M,MA & JN,6/9/2016,60
cSW379,103,NASAL,17600,16,16W,16W_NASAL,F1G,F1,NASAL_F1G,F1G_16W,NASAL_F1,Grow-out,NASAL_Grow-out,3/7/2016,M,MA & JN,6/9/2016,99.3
cSW380,104,NASAL,15000,16,16W,16W_NASAL,F1G,F1,NASAL_F1G,F1G_16W,NASAL_F1,Grow-out,NASAL_Grow-out,3/7/2016,M,MA & JN,6/9/2016,25.6
