,Plate,Well,TOS,SampleID,DNA,Buffer,NanoDrop,Conc,Copies,Comments,DPI,BodySite,Infection,ratio,BodyWt_g
1,1,A01,TOSCE001,cCE001,8,12,238.7,100,12990345,,5DPC,Cecum,Ctrl,6495.1725,184
2,1,B01,TOSCE002,cCE002,19,1,108.1,100,1328400,,5DPC,Cecum,Ctrl,664.2,150
3,1,C01,TOSCE003,cCE003,8,12,237.4,100,84100268,,5DPC,Cecum,Ctrl,42050.134,207
4,1,D01,TOSCE004,cCE004,20,0,72.5,72.5,1675764,,5DPC,Cecum,Ctrl,1155.69931,176
5,1,E01,TOSCE005,cCE005,10,10,195.7,100,17581184,,5DPC,Cecum,Ctrl,8790.592,206
6,1,F01,TOSCE006,cCE006,15,5,134.2,100,136898235,,5DPC,Cecum,Ctrl,68449.1175,143
7,1,G01,TOSCE007,cCE007,16,4,123.5,100,1723094,,5DPC,Cecum,Ctrl,861.547,179
8,1,H01,TOSCE008,cCE008,17,3,119.2,100,90816426,,5DPC,Cecum,Ctrl,45408.213,168
9,1,A02,TOSCE009,cCE009,13,7,159.3,100,10207437,,5DPC,Cecum,Ctrl,5103.7185,128
10,1,B02,TOSCE010,cCE010,17,3,114.8,100,157017503,,5DPC,Cecum,Ctrl,78508.7515,145
11,1,C02,TOSCE011,cCE011,20,0,99.8,99.8,33611272,,5DPC,Cecum,Ctrl,16839.31463,170
12,1,D02,TOSCE012,cCE012,17,3,116.9,100,513089,,5DPC,Cecum,Ctrl,256.5445,189
13,1,E02,TOSCE013,cCE013,13,7,158.7,100,74687132,,5DPC,Cecum,Ctrl,37343.566,161
14,1,F02,TOSCE014,cCE014,17,3,119.5,100,45397380,,5DPC,Cecum,Ctrl,22698.69,177
15,1,G02,TOSCE015,cCE015,16,4,125.2,100,578903,,5DPC,Cecum,Ctrl,289.4515,196
16,1,A03,TOSCE016,cCE016,14,6,141.4,100,116445198,,5DPC,Cecum,Ctrl,58222.599,137
17,1,B03,TOSCE017,cCE017,12,8,161.8,100,65291844,,5DPC,Cecum,CKPA,32645.922,152
18,1,C03,TOSCE018,cCE018,20,0,54.9,54.9,871363,,5DPC,Cecum,CKPA,793.5910747,130
19,1,D03,TOSCE019,cCE019,10,10,202.9,100,429205533,,5DPC,Cecum,CKPA,214602.7665,108
20,1,E03,TOSCE020,cCE020,20,0,76.1,76.1,10197260,,5DPC,Cecum,CKPA,6699.908016,159
21,1,F03,TOSCE021,cCE021,8,12,236,100,51055275,,5DPC,Cecum,CKPA,25527.6375,161
22,1,G03,TOSCE022,cCE022,15,5,130.6,100,475661223,,5DPC,Cecum,CKPA,237830.6115,96
23,1,H03,TOSCE023,cCE023,11,9,179.6,100,43801207,,5DPC,Cecum,CKPA,21900.6035,189
24,1,A04,TOSCE024,cCE024,13,7,157.8,100,8688570,,5DPC,Cecum,CKPA,4344.285,120
25,1,B04,TOSCE025,cCE025,20,0,101.4,100,302107034,,5DPC,Cecum,CKPA,151053.517,108
26,1,C04,TOSCE026,cCE026,13,7,149.1,100,8853312,,5DPC,Cecum,CKPA,4426.656,142
27,1,D04,TOSCE027,cCE027,9,11,214.2,100,2044072,,5DPC,Cecum,CKPA,1022.036,141
28,1,E04,TOSCE028,cCE028,16,4,121.6,100,661920,,5DPC,Cecum,CKPA,330.96,179
29,1,F04,TOSCE029,cCE029,18,2,108.3,100,169491677,,5DPC,Cecum,CKPA,84745.8385,138
30,1,G04,TOSCE030,cCE030,19,1,106.9,100,6825509,,5DPC,Cecum,CKPA,3412.7545,164
31,1,H04,TOSCE031,cCE031,10,10,204.3,100,839835,,5DPC,Cecum,CKPA,419.9175,130
32,1,A05,TOSCE032,cCE032,11,9,178.5,100,24054715,,5DPC,Cecum,CKPA,12027.3575,135
33,1,C05,TOSCE033,cCE033,12,8,163.8,100,6257601,,5DPC,Cecum,TKMN,3128.8005,169
34,1,D05,TOSCE034,cCE034,12,8,160.8,100,46049451,,5DPC,Cecum,TKMN,23024.7255,112
35,1,E05,TOSCE035,cCE035,9,11,224.9,100,11030308,,5DPC,Cecum,TKMN,5515.154,195
36,1,F05,TOSCE036,cCE036,11,9,179.4,100,304272008,,5DPC,Cecum,TKMN,152136.004,89
37,1,G05,TOSCE037,cCE037,11,9,184.8,100,80713705,,5DPC,Cecum,TKMN,40356.8525,118
38,1,H05,TOSCE038,cCE038,8,12,248.4,100,7131382,,5DPC,Cecum,TKMN,3565.691,136
39,1,A06,TOSCE039,cCE039,11,9,185.8,100,37446794,,5DPC,Cecum,TKMN,18723.397,92
40,1,B06,TOSCE040,cCE040,16,4,125.9,100,4019341,,5DPC,Cecum,TKMN,2009.6705,128
41,1,C06,TOSCE041,cCE041,11,9,185.8,100,7355067,,5DPC,Cecum,TKMN,3677.5335,165
42,1,D06,TOSCE042,cCE042,20,0,64.8,64.8,225323243,,5DPC,Cecum,TKMN,173860.527,124
43,1,E06,TOSCE043,cCE043,20,0,45.2,45.2,70287002,,5DPC,Cecum,TKMN,77751.10841,140
44,1,F06,TOSCE044,cCE044,20,0,28.4,28.4,30513075,,5DPC,Cecum,TKMN,53720.20246,143
45,1,G06,TOSCE045,cCE045,13,7,158.7,100,7636010,,5DPC,Cecum,TKMN,3818.005,178
46,1,H06,TOSCE046,cCE046,19,1,102.7,100,10409895,,5DPC,Cecum,TKMN,5204.9475,160
47,1,A07,TOSCE047,cCE047,10,10,202.5,100,443556082,,5DPC,Cecum,TKMN,221778.041,152
48,1,B07,TOSCE048,cCE048,20,0,94.7,94.7,19776903,,5DPC,Cecum,TKMN,10441.87064,165
49,1,C07,TOSCE049,cCE049,16,4,122.6,100,48070044,,14DPC,Cecum,Ctrl,24035.022,688
50,1,D07,TOSCE050,cCE050,20,0,76,76,2797840,,14DPC,Cecum,Ctrl,1840.684211,649
51,1,E07,TOSCE051,cCE051,16,4,125.1,100,368985650,,14DPC,Cecum,Ctrl,184492.825,663
52,1,G07,TOSCE052,cCE052,20,0,80.9,80.9,50176475,,14DPC,Cecum,Ctrl,31011.41842,695
53,1,H07,TOSCE053,cCE053,16,4,125.9,100,7266245,,14DPC,Cecum,Ctrl,3633.1225,839
54,1,A08,TOSCE054,cCE054,16,4,126.2,100,23791627,,14DPC,Cecum,Ctrl,11895.8135,512
55,1,B08,TOSCE055,cCE055,13,7,152,100,162530996,,14DPC,Cecum,Ctrl,81265.498,793
56,1,C08,TOSCE056,cCE056,12,8,171.2,100,36440484,,14DPC,Cecum,Ctrl,18220.242,605
57,1,D08,TOSCE057,cCE057,20,0,66,66,115553467,,14DPC,Cecum,Ctrl,87540.5053,858
58,1,E08,TOSCE058,cCE058,16,4,124.3,100,175068001,,14DPC,Cecum,Ctrl,87534.0005,639
59,1,F08,TOSCE059,cCE059,13,7,151.6,100,2450417,,14DPC,Cecum,Ctrl,1225.2085,566
60,1,G08,TOSCE060,cCE060,16,4,123.5,100,3231712,,14DPC,Cecum,Ctrl,1615.856,540
61,1,H08,TOSCE061,cCE061,20,0,39.4,39.4,2628510,,14DPC,Cecum,Ctrl,3335.672589,655
62,1,A09,TOSCE062,cCE062,20,0,28.6,28.6,50079870,,14DPC,Cecum,Ctrl,87552.22028,515
63,1,B09,TOSCE063,cCE063,20,0,71.8,71.8,405328525,,14DPC,Cecum,Ctrl,282262.204,701
64,1,C09,TOSCE064,cCE064,20,0,70.7,70.7,152643062,,14DPC,Cecum,Ctrl,107951.2461,654
65,1,D09,TOSCE065,cCE065,20,0,76,76,3313497,,14DPC,Cecum,CKPA,2179.932237,483
66,1,E09,TOSCE066,cCE066,20,0,42.6,42.6,138918,,14DPC,Cecum,CKPA,163.0492958,570
67,1,F09,TOSCE067,cCE067,13,7,150.4,100,495090,,14DPC,Cecum,CKPA,247.545,607
68,1,G09,TOSCE068,cCE068,20,0,26.5,26.5,3476789,,14DPC,Cecum,CKPA,6559.979245,572
69,1,H09,TOSCE069,cCE069,16,4,128.4,100,299299614,,14DPC,Cecum,CKPA,149649.807,594
70,1,A10,TOSCE070,cCE070,10,10,199.8,100,283682,,14DPC,Cecum,CKPA,141.841,698
71,1,B10,TOSCE071,cCE071,19,1,106,100,56510612,,14DPC,Cecum,CKPA,28255.306,579
72,1,C10,TOSCE072,cCE072,14,6,146.4,100,176742007,,14DPC,Cecum,CKPA,88371.0035,578
73,1,E10,TOSCE073,cCE073,15,5,136.4,100,526921328,,14DPC,Cecum,CKPA,263460.664,554
74,1,F10,TOSCE074,cCE074,16,4,127.7,100,3910862,,13DPC,Cecum,CKPA,1955.431,643
75,1,G10,TOSCE075,cCE075,19,1,105.9,100,1986916,,14DPC,Cecum,CKPA,993.458,605
76,1,H10,TOSCE076,cCE076,14,6,141.6,100,1414789,,14DPC,Cecum,TKMN,707.3945,613
77,1,A11,TOSCE077,cCE077,14,6,140.7,100,2543165,,14DPC,Cecum,TKMN,1271.5825,524
78,1,B11,TOSCE078,cCE078,13,7,155.7,100,481639853,,14DPC,Cecum,TKMN,240819.9265,551
79,1,C11,TOSCE079,cCE079,20,0,89.4,89.4,2030750,,14DPC,Cecum,TKMN,1135.766219,764
80,1,D11,TOSCE080,cCE080,10,10,200.7,100,4851748,,14DPC,Cecum,TKMN,2425.874,689
81,1,E11,TOSCE081,cCE081,7,13,285.9,100,858750,,14DPC,Cecum,TKMN,429.375,490
82,1,F11,TOSCE082,cCE082,19,1,105.9,100,27787117,,14DPC,Cecum,TKMN,13893.5585,721
83,1,G11,TOSCE083,cCE083,20,0,49.9,49.9,137578281,,14DPC,Cecum,TKMN,137853.989,380
84,1,H11,TOSCE084,cCE084,17,3,118.1,100,643589143,,14DPC,Cecum,TKMN,321794.5715,418
85,1,A12,TOSCE085,cCE085,20,0,28.3,28.3,859980,,14DPC,Cecum,TKMN,1519.399293,587
86,1,B12,TOSCE086,cCE086,9,11,230.3,100,57870929,,14DPC,Cecum,TKMN,28935.4645,410
87,1,C12,TOSCE087,cCE087,20,0,37.8,37.8,15963207,,14DPC,Cecum,TKMN,21115.35317,515
88,1,D12,TOSCE088,cCE088,13,7,156.5,100,210285829,,14DPC,Cecum,TKMN,105142.9145,708
89,1,E12,TOSCE089,cCE089,18,2,111.1,100,519011319,,14DPC,Cecum,TKMN,259505.6595,676
90,1,F12,TOSCE090,cCE090,20,0,90.5,90.5,3344270,,14DPC,Cecum,TKMN,1847.662983,638
91,1,G12,TOSCE091,cCE091,8,12,239.1,100,6633061,,14DPC,Cecum,TKMN,3316.5305,600
185,5,A01,TOSIL092,cIL092,19,1,104.6,100,1226,Caution: copy number less than intended sequencing depth,5DPC,Ileum,Ctrl,0.613,184
186,5,B01,TOSIL093,cIL093,14,6,143.1,100,272293955,,5DPC,Ileum,Ctrl,136146.9775,150
187,5,C01,TOSIL094,cIL094,20,0,9,9,886,Very low copy number: assay performance unknown,5DPC,Ileum,Ctrl,4.922222222,207
188,5,D01,TOSIL095,cIL095,10,10,195.1,100,51906045,,5DPC,Ileum,Ctrl,25953.0225,176
189,5,E01,TOSIL096,cIL096,13,7,156.7,100,19501,,5DPC,Ileum,Ctrl,9.7505,206
190,5,F01,TOSIL097,cIL097,20,0,20.5,20.5,5272,Caution: copy number less than intended sequencing depth,5DPC,Ileum,Ctrl,12.85853659,143
191,5,G01,TOSIL098,cIL098,20,0,10.8,10.8,430,Very low copy number: assay performance unknown,5DPC,Ileum,Ctrl,1.990740741,179
192,5,H01,TOSIL099,cIL099,20,0,19,19,955,Very low copy number: assay performance unknown,5DPC,Ileum,Ctrl,2.513157895,168
193,5,A02,TOSIL100,cIL100,20,0,12.6,12.6,7152,Caution: copy number less than intended sequencing depth,5DPC,Ileum,Ctrl,28.38095238,128
194,5,B02,TOSIL101,cIL101,20,0,10.7,10.7,2451,Caution: copy number less than intended sequencing depth,5DPC,Ileum,Ctrl,11.45327103,145
195,5,C02,TOSIL102,cIL102,20,0,19.9,19.9,2633,Caution: copy number less than intended sequencing depth,5DPC,Ileum,Ctrl,6.615577889,170
196,5,D02,TOSIL103,cIL103,20,0,13.6,13.6,3606,Caution: copy number less than intended sequencing depth,5DPC,Ileum,Ctrl,13.25735294,189
197,5,E02,TOSIL104,cIL104,20,0,10.3,10.3,30095,,5DPC,Ileum,Ctrl,146.092233,161
198,5,F02,TOSIL105,cIL105,20,0,8.6,8.6,824,Very low copy number: assay performance unknown,5DPC,Ileum,Ctrl,4.790697674,177
199,5,G02,TOSIL106,cIL106,20,0,3.5,3.5,17,Very low copy number: assay performance unknown,5DPC,Ileum,Ctrl,0.242857143,196
200,5,H02,TOSIL107,cIL107,20,0,3.8,3.8,2,Very low copy number: assay performance unknown,5DPC,Ileum,Ctrl,0.026315789,137
201,5,A03,TOSIL108,cIL108,20,0,39.4,39.4,16889,,5DPC,Ileum,CKPA,21.43274112,152
202,5,B03,TOSIL109,cIL109,12,8,172.9,100,35009,,5DPC,Ileum,CKPA,17.5045,130
203,5,C03,TOSIL110,cIL110,17,3,120.9,100,325618953,,5DPC,Ileum,CKPA,162809.4765,108
204,5,D03,TOSIL111,cIL111,18,2,112.9,100,95834,,5DPC,Ileum,CKPA,47.917,159
205,5,E03,TOSIL112,cIL112,11,9,183,100,137779446,,5DPC,Ileum,CKPA,68889.723,161
206,5,F03,TOSIL113,cIL113,20,0,32.2,32.2,301878,,5DPC,Ileum,CKPA,468.7546584,96
207,5,G03,TOSIL114,cIL114,20,0,35.3,35.3,59270,,5DPC,Ileum,CKPA,83.95184136,189
208,5,A04,TOSIL115,cIL115,20,0,82.3,82.3,24524,,5DPC,Ileum,CKPA,14.89914945,120
209,5,B04,TOSIL116,cIL116,20,0,19.7,19.7,243890,,5DPC,Ileum,CKPA,619.0101523,108
210,5,C04,TOSIL117,cIL117,20,0,5.8,5.8,6417,Caution: copy number less than intended sequencing depth,5DPC,Ileum,CKPA,55.31896552,142
211,5,D04,TOSIL118,cIL118,20,0,68.1,68.1,72887,,5DPC,Ileum,CKPA,53.51468429,141
212,5,E04,TOSIL119,cIL119,20,0,100.5,100,142876107,,5DPC,Ileum,CKPA,71438.0535,179
213,5,F04,TOSIL120,cIL120,20,0,19.9,19.9,14064,Caution: copy number less than intended sequencing depth,5DPC,Ileum,CKPA,35.33668342,138
214,5,G04,TOSIL121,cIL121,18,2,110.7,100,206475,,5DPC,Ileum,CKPA,103.2375,164
215,5,H04,TOSIL122,cIL122,20,0,22.2,22.2,6081,Caution: copy number less than intended sequencing depth,5DPC,Ileum,CKPA,13.69594595,130
216,5,A05,TOSIL123,cIL123,11,9,178.3,100,176240809,,5DPC,Ileum,CKPA,88120.4045,135
218,5,C05,TOSIL124,cIL124,20,0,76.4,76.4,1171,Caution: copy number less than intended sequencing depth,5DPC,Ileum,TKMN,0.766361257,169
219,5,D05,TOSIL125,cIL125,20,0,10.4,10.4,331750,,5DPC,Ileum,TKMN,1594.951923,112
220,5,E05,TOSIL126,cIL126,20,0,32.9,32.9,3263,Caution: copy number less than intended sequencing depth,5DPC,Ileum,TKMN,4.958966565,195
221,5,F05,TOSIL127,cIL127,20,0,57.8,57.8,35941475,,5DPC,Ileum,TKMN,31091.24135,89
222,5,G05,TOSIL128,cIL128,20,0,4,4,161,Very low copy number: assay performance unknown,5DPC,Ileum,TKMN,2.0125,118
223,5,H05,TOSIL129,cIL129,20,0,27.5,27.5,238816,,5DPC,Ileum,TKMN,434.2109091,136
224,5,B06,TOSIL130,cIL130,20,0,86.3,86.3,893761,,5DPC,Ileum,TKMN,517.8221321,92
225,5,C06,TOSIL131,cIL131,20,0,52.7,52.7,23864,,5DPC,Ileum,TKMN,22.64136622,128
226,5,D06,TOSIL132,cIL132,20,0,26.5,26.5,8644,Caution: copy number less than intended sequencing depth,5DPC,Ileum,TKMN,16.30943396,165
227,5,E06,TOSIL133,cIL133,20,0,33.8,33.8,370424,,5DPC,Ileum,TKMN,547.964497,124
228,5,F06,TOSIL134,cIL134,20,0,58,58,93552,,5DPC,Ileum,TKMN,80.64827586,140
229,5,G06,TOSIL135,cIL135,20,0,34.2,34.2,375548,,5DPC,Ileum,TKMN,549.0467836,143
230,5,H06,TOSIL136,cIL136,13,7,153.6,100,162005072,,5DPC,Ileum,TKMN,81002.536,178
231,5,A07,TOSIL137,cIL137,7,13,271.8,100,20136,,5DPC,Ileum,TKMN,10.068,160
232,5,B07,TOSIL138,cIL138,11,9,183.9,100,323376183,,5DPC,Ileum,TKMN,161688.0915,152
233,5,C07,TOSIL139,cIL139,20,0,88,88,9240360,,5DPC,Ileum,TKMN,5250.204545,165
234,5,D07,TOSIL140,cIL140,20,0,41.9,41.9,157490,,14DPC,Ileum,Ctrl,187.9355609,688
235,5,E07,TOSIL141,cIL141,20,0,65.1,65.1,4103582,,14DPC,Ileum,Ctrl,3151.752688,649
236,5,F07,TOSIL142,cIL142,20,0,6.3,6.3,302,Very low copy number: assay performance unknown,14DPC,Ileum,Ctrl,2.396825397,663
237,5,G07,TOSIL143,cIL143,20,0,3.1,3.1,13,Very low copy number: assay performance unknown,14DPC,Ileum,Ctrl,0.209677419,695
238,5,H07,TOSIL144,cIL144,20,0,12.6,12.6,113,Very low copy number: assay performance unknown,14DPC,Ileum,Ctrl,0.448412698,839
239,5,A08,TOSIL145,cIL145,20,0,17.2,17.2,249,Very low copy number: assay performance unknown,14DPC,Ileum,Ctrl,0.723837209,512
240,5,B08,TOSIL146,cIL146,20,0,9.9,9.9,19,Very low copy number: assay performance unknown,14DPC,Ileum,Ctrl,0.095959596,793
241,5,C08,TOSIL147,cIL147,20,0,0.6,0.6,54,Very low copy number: assay performance unknown,14DPC,Ileum,Ctrl,4.5,605
242,5,D08,TOSIL148,cIL148,20,0,5,5,44,Very low copy number: assay performance unknown,14DPC,Ileum,Ctrl,0.44,858
243,5,E08,TOSIL149,cIL149,20,0,1.5,1.5,65,Very low copy number: assay performance unknown,14DPC,Ileum,Ctrl,2.166666667,639
244,5,G08,TOSIL150,cIL150,20,0,4.9,4.9,2,Very low copy number: assay performance unknown,14DPC,Ileum,Ctrl,0.020408163,566
245,5,H08,TOSIL151,cIL151,20,0,6.3,6.3,60,Very low copy number: assay performance unknown,14DPC,Ileum,Ctrl,0.476190476,540
246,5,A09,TOSIL152,cIL152,20,0,3.4,3.4,31,Very low copy number: assay performance unknown,14DPC,Ileum,Ctrl,0.455882353,655
247,5,B09,TOSIL153,cIL153,20,0,5,5,4,Very low copy number: assay performance unknown,14DPC,Ileum,Ctrl,0.04,515
248,5,C09,TOSIL154,cIL154,20,0,8.6,8.6,33,Very low copy number: assay performance unknown,14DPC,Ileum,Ctrl,0.191860465,701
249,5,D09,TOSIL155,cIL155,20,0,12.6,12.6,49,Very low copy number: assay performance unknown,14DPC,Ileum,Ctrl,0.194444444,654
250,5,E09,TOSIL156,cIL156,20,0,0.5,0.5,2,Very low copy number: assay performance unknown,14DPC,Ileum,Ctrl,0.2,483
251,5,F09,TOSIL157,cIL157,20,0,16.6,16.6,1624,Caution: copy number less than intended sequencing depth,14DPC,Ileum,CKPA,4.891566265,570
252,5,G09,TOSIL158,cIL158,20,0,34,34,241005,,14DPC,Ileum,CKPA,354.4191176,607
253,5,H09,TOSIL159,cIL159,20,0,3.1,3.1,487,Very low copy number: assay performance unknown,14DPC,Ileum,CKPA,7.85483871,572
254,5,A10,TOSIL160,cIL160,20,0,8.3,8.3,820,Very low copy number: assay performance unknown,14DPC,Ileum,CKPA,4.939759036,594
255,5,B10,TOSIL161,cIL161,20,0,53,53,52083,,14DPC,Ileum,CKPA,49.13490566,698
256,5,C10,TOSIL162,cIL162,20,0,8.9,8.9,1592,Caution: copy number less than intended sequencing depth,14DPC,Ileum,CKPA,8.943820225,579
257,5,D10,TOSIL163,cIL163,20,0,10.3,10.3,10490,Caution: copy number less than intended sequencing depth,14DPC,Ileum,CKPA,50.9223301,578
258,5,E10,TOSIL164,cIL164,20,0,9.9,9.9,7713,Caution: copy number less than intended sequencing depth,14DPC,Ileum,CKPA,38.95454545,554
259,5,F10,TOSIL165,cIL165,20,0,33.3,33.3,145252,,13DPC,Ileum,CKPA,218.0960961,643
260,5,G10,TOSIL166,cIL166,20,0,10.2,10.2,7696,Caution: copy number less than intended sequencing depth,14DPC,Ileum,CKPA,37.7254902,605
262,5,A11,TOSIL167,cIL167,20,0,71.6,71.6,1553124,,14DPC,Ileum,TKMN,1084.583799,613
263,5,B11,TOSIL168,cIL168,14,6,140,100,23568,,14DPC,Ileum,TKMN,11.784,524
264,5,C11,TOSIL169,cIL169,20,0,27.7,27.7,18402,,14DPC,Ileum,TKMN,33.2166065,551
265,5,D11,TOSIL170,cIL170,20,0,14.3,14.3,26450,,14DPC,Ileum,TKMN,92.48251748,764
266,5,E11,TOSIL171,cIL171,20,0,8.2,8.2,414,Very low copy number: assay performance unknown,14DPC,Ileum,TKMN,2.524390244,689
267,5,F11,TOSIL172,cIL172,13,7,156.3,100,99163,,14DPC,Ileum,TKMN,49.5815,490
268,5,G11,TOSIL173,cIL173,20,0,76.7,76.7,4986,Caution: copy number less than intended sequencing depth,14DPC,Ileum,TKMN,3.250325945,721
269,5,H11,TOSIL174,cIL174,20,0,30.2,30.2,96379,,14DPC,Ileum,TKMN,159.5678808,380
270,5,A12,TOSIL175,cIL175,20,0,4.5,4.5,55,Very low copy number: assay performance unknown,14DPC,Ileum,TKMN,0.611111111,418
271,5,B12,TOSIL176,cIL176,16,4,127.9,100,86159380,,14DPC,Ileum,TKMN,43079.69,587
272,5,C12,TOSIL177,cIL177,20,0,45.8,45.8,25881,,14DPC,Ileum,TKMN,28.25436681,410
273,5,D12,TOSIL178,cIL178,20,0,13.3,13.3,12584,Caution: copy number less than intended sequencing depth,14DPC,Ileum,TKMN,47.30827068,515
274,5,E12,TOSIL179,cIL179,20,0,27.3,27.3,636,Very low copy number: assay performance unknown,14DPC,Ileum,TKMN,1.164835165,708
275,5,F12,TOSIL180,cIL180,20,0,77,77,74770,,14DPC,Ileum,TKMN,48.55194805,676
276,5,G12,TOSIL181,cIL181,20,0,33.5,33.5,75151,,14DPC,Ileum,TKMN,112.1656716,638
277,5,H12,TOSIL182,cIL182,20,0,33.2,33.2,3373,Caution: copy number less than intended sequencing depth,14DPC,Ileum,TKMN,5.079819277,600
278,6,A01,TOSLL365,cLL365,20,0,42.4,42.4,1615,Caution: copy number less than intended sequencing depth,5DPC,Lung,Ctrl,1.904481132,184
279,6,B01,TOSLL366,cLL366,20,0,15.8,15.8,2386,Caution: copy number less than intended sequencing depth,5DPC,Lung,Ctrl,7.550632911,150
280,6,C01,TOSLL367,cLL367,20,0,49.7,49.7,272810,,5DPC,Lung,Ctrl,274.4567404,207
281,6,D01,TOSLL368,cLL368,20,0,67.7,67.7,2400,Caution: copy number less than intended sequencing depth,5DPC,Lung,Ctrl,1.772525849,176
282,6,E01,TOSLL369,cLL369,17,3,120.4,100,18841,,5DPC,Lung,Ctrl,9.4205,206
283,6,F01,TOSLL370,cLL370,20,0,34.7,34.7,1566,Caution: copy number less than intended sequencing depth,5DPC,Lung,Ctrl,2.25648415,143
284,6,G01,TOSLL371,cLL371,20,0,45.9,45.9,1074,Caution: copy number less than intended sequencing depth,5DPC,Lung,Ctrl,1.169934641,179
285,6,H01,TOSLL372,cLL372,20,0,33.6,33.6,1965,Caution: copy number less than intended sequencing depth,5DPC,Lung,Ctrl,2.924107143,168
286,6,A02,TOSLL373,cLL373,20,0,19.4,19.4,2415933,,5DPC,Lung,Ctrl,6226.631443,128
287,6,B02,TOSLL374,cLL374,20,0,69,69,2187,Caution: copy number less than intended sequencing depth,5DPC,Lung,Ctrl,1.584782609,145
288,6,C02,TOSLL375,cLL375,20,0,24.6,24.6,1533,Caution: copy number less than intended sequencing depth,5DPC,Lung,Ctrl,3.115853659,170
289,6,D02,TOSLL376,cLL376,20,0,36.6,36.6,1850,Caution: copy number less than intended sequencing depth,5DPC,Lung,Ctrl,2.527322404,189
290,6,E02,TOSLL377,cLL377,20,0,24,24,1603,Caution: copy number less than intended sequencing depth,5DPC,Lung,Ctrl,3.339583333,161
291,6,F02,TOSLL378,cLL378,20,0,25,25,2983,Caution: copy number less than intended sequencing depth,5DPC,Lung,Ctrl,5.966,177
292,6,G02,TOSLL379,cLL379,10,10,190.5,100,1592,Caution: copy number less than intended sequencing depth,5DPC,Lung,Ctrl,0.796,196
293,6,A03,TOSLL380,cLL380,20,0,5.9,5.9,1068,Caution: copy number less than intended sequencing depth,5DPC,Lung,Ctrl,9.050847458,137
297,6,E03,TOSLL381,cLL381,20,0,65,65,3481,Caution: copy number less than intended sequencing depth,5DPC,Lung,CKPA,2.677692308,152
298,6,F03,TOSLL382,cLL382,19,1,107.4,100,1742,Caution: copy number less than intended sequencing depth,5DPC,Lung,CKPA,0.871,130
299,6,G03,TOSLL383,cLL383,14,6,139.4,100,51507,,5DPC,Lung,CKPA,25.7535,108
300,6,H03,TOSLL384,cLL384,20,0,89.2,89.2,8268,Caution: copy number less than intended sequencing depth,5DPC,Lung,CKPA,4.634529148,159
301,6,A04,TOSLL385,cLL385,20,0,44.3,44.3,300339,,5DPC,Lung,CKPA,338.98307,161
302,6,B04,TOSLL386,cLL386,20,0,53.1,53.1,174,Very low copy number: assay performance unknown,5DPC,Lung,CKPA,0.163841808,96
303,6,C04,TOSLL387,cLL387,9,11,215.2,100,2416,Caution: copy number less than intended sequencing depth,5DPC,Lung,CKPA,1.208,189
304,6,D04,TOSLL388,cLL388,20,0,74.6,74.6,411,Very low copy number: assay performance unknown,5DPC,Lung,CKPA,0.275469169,120
305,6,E04,TOSLL389,cLL389,20,0,42.8,42.8,6437,Caution: copy number less than intended sequencing depth,5DPC,Lung,CKPA,7.519859813,108
306,6,F04,TOSLL390,cLL390,20,0,58.3,58.3,561,Very low copy number: assay performance unknown,5DPC,Lung,CKPA,0.481132075,142
307,6,G04,TOSLL391,cLL391,20,0,82.9,82.9,18437,,5DPC,Lung,CKPA,11.12002413,141
308,6,H04,TOSLL392,cLL392,10,10,199.8,100,740,Very low copy number: assay performance unknown,5DPC,Lung,CKPA,0.37,179
309,6,A05,TOSLL393,cLL393,20,0,79.5,79.5,714,Very low copy number: assay performance unknown,5DPC,Lung,CKPA,0.449056604,138
310,6,B05,TOSLL394,cLL394,20,0,81.8,81.8,503,Very low copy number: assay performance unknown,5DPC,Lung,CKPA,0.307457213,164
311,6,C05,TOSLL395,cLL395,20,0,48.3,48.3,4987,Caution: copy number less than intended sequencing depth,5DPC,Lung,CKPA,5.16252588,130
312,6,D05,TOSLL396,cLL396,20,0,87.8,87.8,130656,,5DPC,Lung,CKPA,74.40546697,135
316,6,A06,TOSLL397,cLL397,20,0,35.3,35.3,716,Very low copy number: assay performance unknown,5DPC,Lung,TKMN,1.014164306,169
317,6,B06,TOSLL398,cLL398,20,0,26.9,26.9,3023,Caution: copy number less than intended sequencing depth,5DPC,Lung,TKMN,5.618959108,112
318,6,C06,TOSLL399,cLL399,20,0,84,84,504,Very low copy number: assay performance unknown,5DPC,Lung,TKMN,0.3,195
319,6,D06,TOSLL400,cLL400,20,0,27,27,1881,Caution: copy number less than intended sequencing depth,5DPC,Lung,TKMN,3.483333333,89
320,6,E06,TOSLL401,cLL401,20,0,94.8,94.8,664,Very low copy number: assay performance unknown,5DPC,Lung,TKMN,0.35021097,118
321,6,F06,TOSLL402,cLL402,20,0,51.5,51.5,420,Very low copy number: assay performance unknown,5DPC,Lung,TKMN,0.40776699,136
322,6,G06,TOSLL403,cLL403,20,0,67.6,67.6,448,Very low copy number: assay performance unknown,5DPC,Lung,TKMN,0.331360947,92
323,6,H06,TOSLL404,cLL404,20,0,91,91,204,Very low copy number: assay performance unknown,5DPC,Lung,TKMN,0.112087912,128
324,6,A07,TOSLL405,cLL405,20,0,51,51,2713,Caution: copy number less than intended sequencing depth,5DPC,Lung,TKMN,2.659803922,165
325,6,B07,TOSLL406,cLL406,20,0,43.5,43.5,1740,Caution: copy number less than intended sequencing depth,5DPC,Lung,TKMN,2,124
326,6,C07,TOSLL407,cLL407,9,11,212.3,100,88,Very low copy number: assay performance unknown,5DPC,Lung,TKMN,0.044,140
327,6,D07,TOSLL408,cLL408,20,0,26.4,26.4,1769,Caution: copy number less than intended sequencing depth,5DPC,Lung,TKMN,3.350378788,143
328,6,E07,TOSLL409,cLL409,20,0,73.7,73.7,39506,,5DPC,Lung,TKMN,26.80189959,178
329,6,F07,TOSLL410,cLL410,20,0,38.5,38.5,1370,Caution: copy number less than intended sequencing depth,5DPC,Lung,TKMN,1.779220779,160
330,6,G07,TOSLL411,cLL411,20,0,29.9,29.9,478079,,5DPC,Lung,TKMN,799.4632107,152
331,6,H07,TOSLL412,cLL412,17,3,118.1,100,467,Very low copy number: assay performance unknown,5DPC,Lung,TKMN,0.2335,165
335,6,E08,TOSLL413,cLL413,20,0,6,6,917,Very low copy number: assay performance unknown,14DPC,Lung,Ctrl,7.641666667,688
336,6,F08,TOSLL414,cLL414,20,0,9.3,9.3,906,Very low copy number: assay performance unknown,14DPC,Lung,Ctrl,4.870967742,649
337,6,G08,TOSLL415,cLL415,20,0,12,12,593,Very low copy number: assay performance unknown,14DPC,Lung,Ctrl,2.470833333,663
338,6,H08,TOSLL416,cLL416,20,0,31,31,1038,Caution: copy number less than intended sequencing depth,14DPC,Lung,Ctrl,1.674193548,695
339,6,A09,TOSLL417,cLL417,20,0,10.8,10.8,1245,Caution: copy number less than intended sequencing depth,14DPC,Lung,Ctrl,5.763888889,839
340,6,B09,TOSLL418,cLL418,20,0,1,1,319,Very low copy number: assay performance unknown,14DPC,Lung,Ctrl,15.95,512
341,6,C09,TOSLL419,cLL419,20,0,13.7,13.7,2047,Caution: copy number less than intended sequencing depth,14DPC,Lung,Ctrl,7.47080292,793
342,6,D09,TOSLL420,cLL420,20,0,2.7,2.7,716,Very low copy number: assay performance unknown,14DPC,Lung,Ctrl,13.25925926,605
343,6,E09,TOSLL421,cLL421,20,0,28.1,28.1,1666,Caution: copy number less than intended sequencing depth,14DPC,Lung,Ctrl,2.964412811,858
344,6,F09,TOSLL422,cLL422,20,0,19.5,19.5,1631,Caution: copy number less than intended sequencing depth,14DPC,Lung,Ctrl,4.182051282,639
345,6,G09,TOSLL423,cLL423,20,0,12.1,12.1,912,Very low copy number: assay performance unknown,14DPC,Lung,Ctrl,3.768595041,566
346,6,H09,TOSLL424,cLL424,20,0,10.8,10.8,2881,Caution: copy number less than intended sequencing depth,14DPC,Lung,Ctrl,13.33796296,540
347,6,A10,TOSLL425,cLL425,20,0,1.6,1.6,25,Very low copy number: assay performance unknown,14DPC,Lung,Ctrl,0.78125,655
348,6,B10,TOSLL426,cLL426,20,0,3,3,942,Very low copy number: assay performance unknown,14DPC,Lung,Ctrl,15.7,515
349,6,C10,TOSLL427,cLL427,20,0,14.9,14.9,1609,Caution: copy number less than intended sequencing depth,14DPC,Lung,Ctrl,5.399328859,701
350,6,E10,TOSLL428,cLL428,20,0,15.6,15.6,1110,Caution: copy number less than intended sequencing depth,14DPC,Lung,Ctrl,3.557692308,654
354,6,A11,TOSLL429,cLL429,20,0,55.2,55.2,958,Very low copy number: assay performance unknown,14DPC,Lung,CKPA,0.867753623,483
355,6,B11,TOSLL430,cLL430,20,0,24.6,24.6,2273,Caution: copy number less than intended sequencing depth,14DPC,Lung,CKPA,4.619918699,570
356,6,C11,TOSLL431,cLL431,20,0,52.1,52.1,3857972,,14DPC,Lung,CKPA,3702.46833,607
357,6,D11,TOSLL432,cLL432,20,0,2.8,2.8,139,Very low copy number: assay performance unknown,14DPC,Lung,CKPA,2.482142857,572
358,6,E11,TOSLL433,cLL433,20,0,58.4,58.4,1398,Caution: copy number less than intended sequencing depth,14DPC,Lung,CKPA,1.196917808,594
359,6,F11,TOSLL434,cLL434,20,0,12,12,687,Very low copy number: assay performance unknown,14DPC,Lung,CKPA,2.8625,698
360,6,G11,TOSLL435,cLL435,20,0,7,7,931,Very low copy number: assay performance unknown,14DPC,Lung,CKPA,6.65,579
361,6,H11,TOSLL436,cLL436,20,0,65.3,65.3,1007,Caution: copy number less than intended sequencing depth,14DPC,Lung,CKPA,0.771056662,578
362,6,A12,TOSLL437,cLL437,20,0,0.7,0.7,1,Very low copy number: assay performance unknown,14DPC,Lung,CKPA,0.071428571,554
363,6,B12,TOSLL438,cLL438,20,0,43.3,43.3,2745,Caution: copy number less than intended sequencing depth,13DPC,Lung,CKPA,3.169745958,643
364,6,C12,TOSLL439,cLL439,20,0,8.2,8.2,2820,Caution: copy number less than intended sequencing depth,14DPC,Lung,CKPA,17.19512195,605
368,6,G12,TOSLL440,cLL440,20,0,5.2,5.2,97,Very low copy number: assay performance unknown,14DPC,Lung,TKMN,0.932692308,613
369,6,H12,TOSLL441,cLL441,20,0,1.1,1.1,25,Very low copy number: assay performance unknown,14DPC,Lung,TKMN,1.136363636,524
370,7,A01,TOSLL442,cLL442,20,0,17.1,17.1,894,Very low copy number: assay performance unknown,14DPC,Lung,TKMN,2.614035088,551
371,7,B01,TOSLL443,cLL443,20,0,13.8,13.8,845,Very low copy number: assay performance unknown,14DPC,Lung,TKMN,3.061594203,764
372,7,C01,TOSLL444,cLL444,20,0,5.7,5.7,322,Very low copy number: assay performance unknown,14DPC,Lung,TKMN,2.824561404,689
373,7,D01,TOSLL445,cLL445,17,3,119.4,100,401,Very low copy number: assay performance unknown,14DPC,Lung,TKMN,0.2005,490
374,7,E01,TOSLL446,cLL446,20,0,14.1,14.1,1624,Caution: copy number less than intended sequencing depth,14DPC,Lung,TKMN,5.758865248,721
375,7,F01,TOSLL447,cLL447,20,0,35.5,35.5,2014,Caution: copy number less than intended sequencing depth,14DPC,Lung,TKMN,2.836619718,380
376,7,G01,TOSLL448,cLL448,20,0,43.9,43.9,592,Very low copy number: assay performance unknown,14DPC,Lung,TKMN,0.674259681,418
377,7,A02,TOSLL449,cLL449,20,0,11.9,11.9,1368,Caution: copy number less than intended sequencing depth,14DPC,Lung,TKMN,5.74789916,587
378,7,B02,TOSLL450,cLL450,20,0,29.5,29.5,797,Very low copy number: assay performance unknown,14DPC,Lung,TKMN,1.350847458,410
379,7,C02,TOSLL451,cLL451,20,0,21.2,21.2,3311,Caution: copy number less than intended sequencing depth,14DPC,Lung,TKMN,7.808962264,515
380,7,D02,TOSLL452,cLL452,20,0,26.1,26.1,1647,Caution: copy number less than intended sequencing depth,14DPC,Lung,TKMN,3.155172414,708
381,7,E02,TOSLL453,cLL453,20,0,18.5,18.5,2063,Caution: copy number less than intended sequencing depth,14DPC,Lung,TKMN,5.575675676,676
382,7,F02,TOSLL454,cLL454,20,0,13.2,13.2,667,Very low copy number: assay performance unknown,14DPC,Lung,TKMN,2.526515152,638
383,7,G02,TOSLL455,cLL455,20,0,9.9,9.9,795,Very low copy number: assay performance unknown,14DPC,Lung,TKMN,4.015151515,600
92,1,H12,TOSN001,cN001,20,0,3.1,3.1,40,Very low copy number: assay performance unknown,14DPC,Cecum,NEG,0.64516129,
217,5,B05,TOSN002,cN002,20,0,17.8,17.8,3,Very low copy number: assay performance unknown,5DPC,Ileum,NEG,0.008426966,
261,5,H10,TOSN003,cN003,20,0,4.4,4.4,59,Very low copy number: assay performance unknown,14DPC,Ileum,NEG,0.670454545,
109,2,A03,TOSN004,cN004,20,0,2.2,2.2,529,Very low copy number: assay performance unknown,5DPC,Nasal,NEG,12.02272727,
110,2,B03,TOSN005,cN005,20,0,3.3,3.3,465,Very low copy number: assay performance unknown,5DPC,Nasal,NEG,7.045454545,
111,2,C03,TOSN006,cN006,20,0,2.8,2.8,332,Very low copy number: assay performance unknown,5DPC,Nasal,NEG,5.928571429,
128,2,E05,TOSN007,cN007,20,0,16,16,1046,Caution: copy number less than intended sequencing depth,5DPC,Nasal,NEG,3.26875,
129,2,F05,TOSN008,cN008,20,0,7.1,7.1,1502,Caution: copy number less than intended sequencing depth,5DPC,Nasal,NEG,10.57746479,
130,2,G05,TOSN009,cN009,20,0,2.7,2.7,1643,Caution: copy number less than intended sequencing depth,5DPC,Nasal,NEG,30.42592593,
147,2,A08,TOSN010,cN010,20,0,8.1,8.1,2699,Caution: copy number less than intended sequencing depth,5DPC,Nasal,NEG,16.66049383,
148,2,B08,TOSN011,cN011,20,0,5.3,5.3,3997,Caution: copy number less than intended sequencing depth,5DPC,Nasal,NEG,37.70754717,
149,2,C08,TOSN012,cN012,20,0,4.9,4.9,3166,Caution: copy number less than intended sequencing depth,5DPC,Nasal,NEG,32.30612245,
166,2,E10,TOSN013,cN013,20,0,3.8,3.8,1339,Caution: copy number less than intended sequencing depth,14DPC,Nasal,NEG,17.61842105,
167,2,F10,TOSN014,cN014,20,0,4.8,4.8,997,Very low copy number: assay performance unknown,14DPC,Nasal,NEG,10.38541667,
168,2,G10,TOSN015,cN015,20,0,5.9,5.9,1083,Caution: copy number less than intended sequencing depth,14DPC,Nasal,NEG,9.177966102,
180,2,D12,TOSN016,cN016,20,0,6.5,6.5,551,Very low copy number: assay performance unknown,14DPC,Nasal,NEG,4.238461538,
181,2,E12,TOSN017,cN017,20,0,2.2,2.2,1522,Caution: copy number less than intended sequencing depth,14DPC,Nasal,NEG,34.59090909,
182,2,F12,TOSN018,cN018,20,0,7.6,7.6,2715,Caution: copy number less than intended sequencing depth,14DPC,Nasal,NEG,17.86184211,
510,8,C07,TOSN019,cN019,20,0,11,11,574,Very low copy number: assay performance unknown,14DPC,Nasal,NEG,2.609090909,
511,8,D07,TOSN020,cN020,20,0,1.9,1.9,269,Very low copy number: assay performance unknown,14DPC,Nasal,NEG,7.078947368,
512,8,E07,TOSN021,cN021,20,0,8,8,542,Very low copy number: assay performance unknown,14DPC,Nasal,NEG,3.3875,
403,7,C05,TOSN022,cN022,20,0,9,9,1429,Caution: copy number less than intended sequencing depth,5DPC,Trachea,NEG,7.938888889,
404,7,D05,TOSN023,cN023,20,0,2,2,3771,Caution: copy number less than intended sequencing depth,5DPC,Trachea,NEG,94.275,
405,7,E05,TOSN024,cN024,20,0,1.9,1.9,2412,Caution: copy number less than intended sequencing depth,5DPC,Trachea,NEG,63.47368421,
460,7,G12,TOSN025,cN025,20,0,2.5,2.5,1603,Caution: copy number less than intended sequencing depth,14DPC,Trachea,NEG,32.06,
461,7,H12,TOSN026,cN026,20,0,4.5,4.5,2580,Caution: copy number less than intended sequencing depth,14DPC,Trachea,NEG,28.66666667,
462,8,A01,TOSN027,cN027,20,0,2.9,2.9,757,Very low copy number: assay performance unknown,14DPC,Trachea,NEG,13.05172414,
422,7,H07,TOSN028,cN028,20,0,34.1,34.1,1250,Caution: copy number less than intended sequencing depth,5DPC,Trachea,NEG,1.832844575,
423,7,A08,TOSN029,cN029,20,0,5.1,5.1,4060,Caution: copy number less than intended sequencing depth,5DPC,Trachea,NEG,39.80392157,
424,7,B08,TOSN030,cN030,20,0,3,3,1793,Caution: copy number less than intended sequencing depth,5DPC,Trachea,NEG,29.88333333,
474,8,F02,TOSN031,cN031,20,0,3.4,3.4,3016,Caution: copy number less than intended sequencing depth,14DPC,Trachea,NEG,44.35294118,
475,8,G02,TOSN032,cN032,20,0,3.4,3.4,2962,Caution: copy number less than intended sequencing depth,14DPC,Trachea,NEG,43.55882353,
476,8,H02,TOSN033,cN033,20,0,2.3,2.3,2873,Caution: copy number less than intended sequencing depth,14DPC,Trachea,NEG,62.45652174,
441,7,C10,TOSN034,cN034,20,0,20.7,20.7,2682,Caution: copy number less than intended sequencing depth,5DPC,Trachea,NEG,6.47826087,
442,7,D10,TOSN035,cN035,20,0,2.7,2.7,4863,Caution: copy number less than intended sequencing depth,5DPC,Trachea,NEG,90.05555556,
443,7,E10,TOSN036,cN036,20,0,1.3,1.3,3455,Caution: copy number less than intended sequencing depth,5DPC,Trachea,NEG,132.8846154,
493,8,B05,TOSN037,cN037,20,0,1.9,1.9,2841,Caution: copy number less than intended sequencing depth,14DPC,Trachea,NEG,74.76315789,
494,8,C05,TOSN038,cN038,20,0,1.9,1.9,3284,Caution: copy number less than intended sequencing depth,14DPC,Trachea,NEG,86.42105263,
495,8,D05,TOSN039,cN039,20,0,2.6,2.6,6978,Caution: copy number less than intended sequencing depth,14DPC,Trachea,NEG,134.1923077,
294,6,B03,TOSN040,cN040,20,0,2.8,2.8,3186,Caution: copy number less than intended sequencing depth,5DPC,Lung,NEG,56.89285714,
295,6,C03,TOSN041,cN041,20,0,2.6,2.6,4645,Caution: copy number less than intended sequencing depth,5DPC,Lung,NEG,89.32692308,
296,6,D03,TOSN042,cN042,20,0,12.6,12.6,3812,Caution: copy number less than intended sequencing depth,5DPC,Lung,NEG,15.12698413,
351,6,F10,TOSN043,cN043,20,0,1.3,1.3,3767,Caution: copy number less than intended sequencing depth,14DPC,Lung,NEG,144.8846154,
352,6,G10,TOSN044,cN044,20,0,25.1,25.1,4295,Caution: copy number less than intended sequencing depth,14DPC,Lung,NEG,8.555776892,
353,6,H10,TOSN045,cN045,20,0,1.5,1.5,3663,Caution: copy number less than intended sequencing depth,14DPC,Lung,NEG,122.1,
332,6,B08,TOSN046,cN046,20,0,1.3,1.3,3475,Caution: copy number less than intended sequencing depth,5DPC,Lung,NEG,133.6538462,
333,6,C08,TOSN047,cN047,20,0,2.2,2.2,3359,Caution: copy number less than intended sequencing depth,5DPC,Lung,NEG,76.34090909,
334,6,D08,TOSN048,cN048,20,0,1.3,1.3,3789,Caution: copy number less than intended sequencing depth,5DPC,Lung,NEG,145.7307692,
384,7,H02,TOSN049,cN049,20,0,3.4,3.4,1985,Caution: copy number less than intended sequencing depth,14DPC,Lung,NEG,29.19117647,
385,7,A03,TOSN050,cN050,20,0,9.3,9.3,2981,Caution: copy number less than intended sequencing depth,14DPC,Lung,NEG,16.02688172,
386,7,B03,TOSN051,cN051,20,0,2.9,2.9,2972,Caution: copy number less than intended sequencing depth,14DPC,Lung,NEG,51.24137931,
313,6,E05,TOSN052,cN052,20,0,2.4,2.4,3902,Caution: copy number less than intended sequencing depth,5DPC,Lung,NEG,81.29166667,
314,6,G05,TOSN053,cN053,20,0,4.4,4.4,4877,Caution: copy number less than intended sequencing depth,5DPC,Lung,NEG,55.42045455,
315,6,H05,TOSN054,cN054,20,0,3.4,3.4,3897,Caution: copy number less than intended sequencing depth,5DPC,Lung,NEG,57.30882353,
365,6,D12,TOSN055,cN055,20,0,4,4,5127,Caution: copy number less than intended sequencing depth,14DPC,Lung,NEG,64.0875,
366,6,E12,TOSN056,cN056,20,0,3.6,3.6,4419,Caution: copy number less than intended sequencing depth,14DPC,Lung,NEG,61.375,
367,6,F12,TOSN057,cN057,20,0,2.9,2.9,4024,Caution: copy number less than intended sequencing depth,14DPC,Lung,NEG,69.37931034,
93,2,A01,TOSSW183,cSW183,20,0,41.6,41.6,347444,,5DPC,Nasal,Ctrl,417.6009615,184
94,2,B01,TOSSW184,cSW184,20,0,23.9,23.9,83162,,5DPC,Nasal,Ctrl,173.9790795,150
95,2,C01,TOSSW185,cSW185,20,0,94.3,94.3,12480227,,5DPC,Nasal,Ctrl,6617.299576,207
96,2,D01,TOSSW186,cSW186,20,0,12.8,12.8,16402,,5DPC,Nasal,Ctrl,64.0703125,176
97,2,E01,TOSSW187,cSW187,20,0,61.6,61.6,1601258,,5DPC,Nasal,Ctrl,1299.722403,206
98,2,F01,TOSSW188,cSW188,20,0,47,47,347106,,5DPC,Nasal,Ctrl,369.2617021,143
99,2,G01,TOSSW189,cSW189,20,0,31.3,31.3,366730,,5DPC,Nasal,Ctrl,585.8306709,179
100,2,H01,TOSSW190,cSW190,20,0,26.9,26.9,60235,,5DPC,Nasal,Ctrl,111.9609665,168
101,2,A02,TOSSW191,cSW191,20,0,52.2,52.2,15626083,,5DPC,Nasal,Ctrl,14967.51245,128
102,2,B02,TOSSW192,cSW192,20,0,17.3,17.3,20870,,5DPC,Nasal,Ctrl,60.31791908,145
103,2,C02,TOSSW193,cSW193,18,2,112.4,100,75222,,5DPC,Nasal,Ctrl,37.611,170
104,2,D02,TOSSW194,cSW194,20,0,28.4,28.4,147129,,5DPC,Nasal,Ctrl,259.0299296,189
105,2,E02,TOSSW195,cSW195,20,0,39.4,39.4,115801,,5DPC,Nasal,Ctrl,146.9555838,161
106,2,F02,TOSSW196,cSW196,20,0,22.5,22.5,137172,,5DPC,Nasal,Ctrl,304.8266667,177
107,2,G02,TOSSW197,cSW197,20,0,14.8,14.8,144511,,5DPC,Nasal,Ctrl,488.2128378,196
108,2,H02,TOSSW198,cSW198,20,0,15.1,15.1,601355,,5DPC,Nasal,Ctrl,1991.241722,137
112,2,D03,TOSSW199,cSW199,20,0,49.1,49.1,71420661,,5DPC,Nasal,CKPA,72729.79735,152
113,2,E03,TOSSW200,cSW200,20,0,37.1,37.1,11987718,,5DPC,Nasal,CKPA,16155.95418,130
114,2,F03,TOSSW201,cSW201,13,7,151.1,100,15205767,,5DPC,Nasal,CKPA,7602.8835,108
115,2,G03,TOSSW202,cSW202,15,5,131.1,100,4939483,,5DPC,Nasal,CKPA,2469.7415,159
116,2,H03,TOSSW203,cSW203,20,0,42.9,42.9,92023114,,5DPC,Nasal,CKPA,107253.0466,161
117,2,B04,TOSSW204,cSW204,20,0,48.9,48.9,2870572,,5DPC,Nasal,CKPA,2935.145194,96
118,2,C04,TOSSW205,cSW205,16,4,128.5,100,2003700,,5DPC,Nasal,CKPA,1001.85,189
119,2,D04,TOSSW206,cSW206,20,0,34.9,34.9,6118791,,5DPC,Nasal,CKPA,8766.176218,120
120,2,E04,TOSSW207,cSW207,20,0,72.8,72.8,183089843,,5DPC,Nasal,CKPA,125748.5185,108
121,2,F04,TOSSW208,cSW208,20,0,27,27,21657124,,5DPC,Nasal,CKPA,40105.78519,142
122,2,G04,TOSSW209,cSW209,20,0,19,19,15998100,,5DPC,Nasal,CKPA,42100.26316,141
123,2,H04,TOSSW210,cSW210,20,0,39.1,39.1,5149112,,5DPC,Nasal,CKPA,6584.542199,179
124,2,A05,TOSSW211,cSW211,20,0,47.7,47.7,71720416,,5DPC,Nasal,CKPA,75178.63312,138
125,2,B05,TOSSW212,cSW212,20,0,63.6,63.6,8618419,,5DPC,Nasal,CKPA,6775.486635,164
126,2,C05,TOSSW213,cSW213,20,0,82.5,82.5,4058037,,5DPC,Nasal,CKPA,2459.416364,130
127,2,D05,TOSSW214,cSW214,20,0,30,30,18158424,,5DPC,Nasal,CKPA,30264.04,135
131,2,H05,TOSSW215,cSW215,20,0,33.7,33.7,13889627,,5DPC,Nasal,TKMN,20607.75519,169
132,2,A06,TOSSW216,cSW216,20,0,37.5,37.5,79391103,,5DPC,Nasal,TKMN,105854.804,112
133,2,B06,TOSSW217,cSW217,9,11,219.7,100,2173889,,5DPC,Nasal,TKMN,1086.9445,195
134,2,C06,TOSSW218,cSW218,20,0,76.2,76.2,36971590,,5DPC,Nasal,TKMN,24259.57349,89
135,2,D06,TOSSW219,cSW219,20,0,98.5,98.5,97905506,,5DPC,Nasal,TKMN,49698.2264,118
136,2,E06,TOSSW220,cSW220,20,0,57.4,57.4,778003,,5DPC,Nasal,TKMN,677.7029617,136
137,2,F06,TOSSW221,cSW221,19,1,105.1,100,36696019,,5DPC,Nasal,TKMN,18348.0095,92
138,2,G06,TOSSW222,cSW222,13,7,149.8,100,3619063,,5DPC,Nasal,TKMN,1809.5315,128
139,2,H06,TOSSW223,cSW223,20,0,45.9,45.9,49875308,,5DPC,Nasal,TKMN,54330.40087,165
140,2,A07,TOSSW224,cSW224,20,0,98.8,98.8,26944140,,5DPC,Nasal,TKMN,13635.69838,124
141,2,B07,TOSSW225,cSW225,20,0,31.8,31.8,2420591,,5DPC,Nasal,TKMN,3805.960692,140
142,2,C07,TOSSW226,cSW226,20,0,32.8,32.8,1835171,,5DPC,Nasal,TKMN,2797.516768,143
143,2,D07,TOSSW227,cSW227,20,0,84.4,84.4,7273071,,5DPC,Nasal,TKMN,4308.691351,178
144,2,E07,TOSSW228,cSW228,20,0,89.7,89.7,3077306,,5DPC,Nasal,TKMN,1715.332219,160
145,2,F07,TOSSW229,cSW229,20,0,30.9,30.9,81032815,,5DPC,Nasal,TKMN,131121.0599,152
146,2,G07,TOSSW230,cSW230,20,0,25.1,25.1,6946523,,5DPC,Nasal,TKMN,13837.69522,165
150,2,D08,TOSSW231,cSW231,20,0,47.8,47.8,691985,,14DPC,Nasal,Ctrl,723.833682,688
151,2,E08,TOSSW232,cSW232,20,0,87.5,87.5,1939021,,14DPC,Nasal,Ctrl,1108.012,649
152,2,F08,TOSSW233,cSW233,13,7,150.5,100,2558549,,14DPC,Nasal,Ctrl,1279.2745,663
153,2,G08,TOSSW234,cSW234,15,5,135,100,873960,,14DPC,Nasal,Ctrl,436.98,695
154,2,H08,TOSSW235,cSW235,16,4,123.1,100,190181,,14DPC,Nasal,Ctrl,95.0905,839
155,2,B09,TOSSW236,cSW236,20,0,58.2,58.2,2061709,,14DPC,Nasal,Ctrl,1771.227663,512
156,2,C09,TOSSW237,cSW237,20,0,78,78,163856,,14DPC,Nasal,Ctrl,105.0358974,793
157,2,D09,TOSSW238,cSW238,20,0,40.2,40.2,239406,,14DPC,Nasal,Ctrl,297.7686567,605
158,2,E09,TOSSW239,cSW239,20,0,55.8,55.8,626753,,14DPC,Nasal,Ctrl,561.6066308,858
159,2,F09,TOSSW240,cSW240,20,0,36.3,36.3,1916736,,14DPC,Nasal,Ctrl,2640.132231,639
160,2,G09,TOSSW241,cSW241,14,6,138.6,100,744531,,14DPC,Nasal,Ctrl,372.2655,566
161,2,H09,TOSSW242,cSW242,16,4,122.1,100,558791,,14DPC,Nasal,Ctrl,279.3955,540
162,2,A10,TOSSW243,cSW243,20,0,70.5,70.5,301734,,14DPC,Nasal,Ctrl,213.9957447,655
163,2,B10,TOSSW244,cSW244,20,0,55.4,55.4,677930,,14DPC,Nasal,Ctrl,611.8501805,515
164,2,C10,TOSSW245,cSW245,20,0,41.9,41.9,542459,,14DPC,Nasal,Ctrl,647.3257757,701
165,2,D10,TOSSW246,cSW246,20,0,46.5,46.5,2294020,,14DPC,Nasal,Ctrl,2466.688172,654
169,2,H10,TOSSW247,cSW247,20,0,20.7,20.7,1158702,,14DPC,Nasal,CKPA,2798.797101,483
170,2,A11,TOSSW248,cSW248,14,6,147.6,100,475815,,14DPC,Nasal,CKPA,237.9075,570
171,2,B11,TOSSW249,cSW249,12,8,160.7,100,3478654,,14DPC,Nasal,CKPA,1739.327,607
172,2,C11,TOSSW250,cSW250,20,0,44.5,44.5,1122783,,14DPC,Nasal,CKPA,1261.553933,572
173,2,E11,TOSSW251,cSW251,20,0,36.6,36.6,342075,,14DPC,Nasal,CKPA,467.3155738,594
174,2,F11,TOSSW252,cSW252,20,0,38.4,38.4,548952,,14DPC,Nasal,CKPA,714.78125,698
175,2,G11,TOSSW253,cSW253,20,0,55.7,55.7,1757947,,14DPC,Nasal,CKPA,1578.049372,579
176,2,H11,TOSSW254,cSW254,20,0,36.1,36.1,2192214,,14DPC,Nasal,CKPA,3036.307479,578
177,2,A12,TOSSW255,cSW255,20,0,15.8,15.8,2208656,,14DPC,Nasal,CKPA,6989.417722,554
178,2,B12,TOSSW256,cSW256,11,9,178.9,100,2707127,,13DPC,Nasal,CKPA,1353.5635,643
179,2,C12,TOSSW257,cSW257,20,0,25.4,25.4,2534038,,14DPC,Nasal,CKPA,4988.26378,605
183,2,G12,TOSSW258,cSW258,20,0,90.5,90.5,652196,,14DPC,Nasal,TKMN,360.3292818,613
184,2,H12,TOSSW259,cSW259,20,0,50,50,1880349,,14DPC,Nasal,TKMN,1880.349,524
496,8,E05,TOSSW260,cSW260,20,0,30.4,30.4,1021834,,14DPC,Nasal,TKMN,1680.648026,551
497,8,F05,TOSSW261,cSW261,20,0,97.6,97.6,1089458,,14DPC,Nasal,TKMN,558.1239754,764
498,8,G05,TOSSW262,cSW262,20,0,33.5,33.5,470485,,14DPC,Nasal,TKMN,702.2164179,689
499,8,H05,TOSSW263,cSW263,20,0,76.6,76.6,46858152,,14DPC,Nasal,TKMN,30586.2611,490
500,8,A06,TOSSW264,cSW264,20,0,70.9,70.9,989546,,14DPC,Nasal,TKMN,697.8462623,721
501,8,B06,TOSSW265,cSW265,20,0,101.9,100,1119845,,14DPC,Nasal,TKMN,559.9225,380
502,8,C06,TOSSW266,cSW266,20,0,17,17,3975937,,14DPC,Nasal,TKMN,11693.93235,418
503,8,D06,TOSSW267,cSW267,20,0,57.9,57.9,210350,,14DPC,Nasal,TKMN,181.6493955,587
504,8,E06,TOSSW268,cSW268,20,0,51.6,51.6,426457,,14DPC,Nasal,TKMN,413.2335271,410
505,8,F06,TOSSW269,cSW269,20,0,38.4,38.4,1907698,,14DPC,Nasal,TKMN,2483.981771,515
506,8,G06,TOSSW270,cSW270,20,0,60.9,60.9,104448,,14DPC,Nasal,TKMN,85.75369458,708
507,8,H06,TOSSW271,cSW271,20,0,58.8,58.8,3499380,,14DPC,Nasal,TKMN,2975.663265,676
508,8,A07,TOSSW272,cSW272,20,0,61.2,61.2,663856,,14DPC,Nasal,TKMN,542.3660131,638
509,8,B07,TOSSW273,cSW273,19,1,106.9,100,146874,,14DPC,Nasal,TKMN,73.437,600
387,7,C03,TOSTW274,cTW274,10,10,195.7,100,136,Very low copy number: assay performance unknown,5DPC,Trachea,Ctrl,0.068,184
388,7,D03,TOSTW275,cTW275,20,0,79.9,79.9,212,Very low copy number: assay performance unknown,5DPC,Trachea,Ctrl,0.132665832,150
389,7,E03,TOSTW276,cTW276,14,6,139.6,100,5109,Caution: copy number less than intended sequencing depth,5DPC,Trachea,Ctrl,2.5545,207
390,7,F03,TOSTW277,cTW277,19,1,103.1,100,84,Very low copy number: assay performance unknown,5DPC,Trachea,Ctrl,0.042,176
391,7,G03,TOSTW278,cTW278,15,5,134.9,100,173417,,5DPC,Trachea,Ctrl,86.7085,206
392,7,H03,TOSTW279,cTW279,17,3,119.2,100,103,Very low copy number: assay performance unknown,5DPC,Trachea,Ctrl,0.0515,143
393,7,A04,TOSTW280,cTW280,20,0,87.3,87.3,437,Very low copy number: assay performance unknown,5DPC,Trachea,Ctrl,0.250286369,179
394,7,B04,TOSTW281,cTW281,14,6,146.8,100,150,Very low copy number: assay performance unknown,5DPC,Trachea,Ctrl,0.075,168
395,7,C04,TOSTW282,cTW282,8,12,240.4,100,678074,,5DPC,Trachea,Ctrl,339.037,128
396,7,D04,TOSTW283,cTW283,11,9,188.7,100,1974,Caution: copy number less than intended sequencing depth,5DPC,Trachea,Ctrl,0.987,145
397,7,E04,TOSTW284,cTW284,20,0,90.6,90.6,161,Very low copy number: assay performance unknown,5DPC,Trachea,Ctrl,0.088852097,170
398,7,F04,TOSTW285,cTW285,11,9,175.3,100,266,Very low copy number: assay performance unknown,5DPC,Trachea,Ctrl,0.133,189
399,7,G04,TOSTW286,cTW286,11,9,176.2,100,427,Very low copy number: assay performance unknown,5DPC,Trachea,Ctrl,0.2135,161
400,7,H04,TOSTW287,cTW287,20,0,94.2,94.2,482,Very low copy number: assay performance unknown,5DPC,Trachea,Ctrl,0.255838641,177
401,7,A05,TOSTW288,cTW288,17,3,117.9,100,1942,Caution: copy number less than intended sequencing depth,5DPC,Trachea,Ctrl,0.971,196
402,7,B05,TOSTW289,cTW289,7,13,290.3,100,204,Very low copy number: assay performance unknown,5DPC,Trachea,Ctrl,0.102,137
406,7,G05,TOSTW290,cTW290,20,0,69.6,69.6,271,Very low copy number: assay performance unknown,5DPC,Trachea,CKPA,0.194683908,152
407,7,H05,TOSTW291,cTW291,20,0,93.9,93.9,143,Very low copy number: assay performance unknown,5DPC,Trachea,CKPA,0.076144835,130
408,7,A06,TOSTW292,cTW292,20,0,47,47,226,Very low copy number: assay performance unknown,5DPC,Trachea,CKPA,0.240425532,108
409,7,B06,TOSTW293,cTW293,20,0,40.8,40.8,5001,Caution: copy number less than intended sequencing depth,5DPC,Trachea,CKPA,6.128676471,159
410,7,C06,TOSTW294,cTW294,20,0,33.2,33.2,448828,,5DPC,Trachea,CKPA,675.9457831,161
411,7,D06,TOSTW295,cTW295,20,0,70.1,70.1,97,Very low copy number: assay performance unknown,5DPC,Trachea,CKPA,0.069186876,96
412,7,E06,TOSTW296,cTW296,20,0,55.2,55.2,739,Very low copy number: assay performance unknown,5DPC,Trachea,CKPA,0.669384058,189
413,7,F06,TOSTW297,cTW297,18,2,108.2,100,207,Very low copy number: assay performance unknown,5DPC,Trachea,CKPA,0.1035,120
414,7,G06,TOSTW298,cTW298,20,0,71.9,71.9,365,Very low copy number: assay performance unknown,5DPC,Trachea,CKPA,0.253824757,108
415,7,H06,TOSTW299,cTW299,20,0,78.6,78.6,294023,,5DPC,Trachea,CKPA,187.0375318,142
416,7,A07,TOSTW300,cTW300,6,14,355.9,100,187,Very low copy number: assay performance unknown,5DPC,Trachea,CKPA,0.0935,141
417,7,C07,TOSTW301,cTW301,7,13,284,100,31,Very low copy number: assay performance unknown,5DPC,Trachea,CKPA,0.0155,179
418,7,D07,TOSTW302,cTW302,19,1,107.2,100,213,Very low copy number: assay performance unknown,5DPC,Trachea,CKPA,0.1065,138
419,7,E07,TOSTW303,cTW303,20,0,58.4,58.4,265,Very low copy number: assay performance unknown,5DPC,Trachea,CKPA,0.226883562,164
420,7,F07,TOSTW304,cTW304,19,1,107,100,196,Very low copy number: assay performance unknown,5DPC,Trachea,CKPA,0.098,130
421,7,G07,TOSTW305,cTW305,16,4,125.6,100,7259063,,5DPC,Trachea,CKPA,3629.5315,135
425,7,C08,TOSTW306,cTW306,12,8,171.6,100,406,Very low copy number: assay performance unknown,5DPC,Trachea,TKMN,0.203,169
426,7,D08,TOSTW307,cTW307,20,0,79.5,79.5,1169,Caution: copy number less than intended sequencing depth,5DPC,Trachea,TKMN,0.735220126,112
427,7,E08,TOSTW308,cTW308,6,14,327.3,100,254,Very low copy number: assay performance unknown,5DPC,Trachea,TKMN,0.127,195
428,7,F08,TOSTW309,cTW309,15,5,133.6,100,327,Very low copy number: assay performance unknown,5DPC,Trachea,TKMN,0.1635,89
429,7,G08,TOSTW310,cTW310,20,0,82.2,82.2,996,Very low copy number: assay performance unknown,5DPC,Trachea,TKMN,0.605839416,118
430,7,H08,TOSTW311,cTW311,20,0,58.5,58.5,1277,Caution: copy number less than intended sequencing depth,5DPC,Trachea,TKMN,1.091452991,136
431,7,A09,TOSTW312,cTW312,20,0,86.7,86.7,780,Very low copy number: assay performance unknown,5DPC,Trachea,TKMN,0.44982699,92
432,7,B09,TOSTW313,cTW313,8,12,243.7,100,370,Very low copy number: assay performance unknown,5DPC,Trachea,TKMN,0.185,128
433,7,C09,TOSTW314,cTW314,20,0,89.6,89.6,759,Very low copy number: assay performance unknown,5DPC,Trachea,TKMN,0.423549107,165
434,7,D09,TOSTW315,cTW315,20,0,51.2,51.2,2438,Caution: copy number less than intended sequencing depth,5DPC,Trachea,TKMN,2.380859375,124
435,7,E09,TOSTW316,cTW316,20,0,47.8,47.8,573,Very low copy number: assay performance unknown,5DPC,Trachea,TKMN,0.599372385,140
436,7,F09,TOSTW317,cTW317,20,0,21.9,21.9,1854,Caution: copy number less than intended sequencing depth,5DPC,Trachea,TKMN,4.232876712,143
437,7,G09,TOSTW318,cTW318,14,6,140.4,100,3980523,,5DPC,Trachea,TKMN,1990.2615,178
438,7,H09,TOSTW319,cTW319,9,11,230.3,100,617,Very low copy number: assay performance unknown,5DPC,Trachea,TKMN,0.3085,160
439,7,A10,TOSTW320,cTW320,20,0,70.3,70.3,1062225,,5DPC,Trachea,TKMN,755.4943101,152
440,7,B10,TOSTW321,cTW321,20,0,72.4,72.4,1086,Caution: copy number less than intended sequencing depth,5DPC,Trachea,TKMN,0.75,165
444,7,F10,TOSTW322,cTW322,20,0,72.3,72.3,697,Very low copy number: assay performance unknown,14DPC,Trachea,Ctrl,0.482019364,688
445,7,G10,TOSTW323,cTW323,9,11,217.2,100,327,Very low copy number: assay performance unknown,14DPC,Trachea,Ctrl,0.1635,649
446,7,H10,TOSTW324,cTW324,11,9,190.1,100,484,Very low copy number: assay performance unknown,14DPC,Trachea,Ctrl,0.242,663
447,7,A11,TOSTW325,cTW325,9,11,223.4,100,105,Very low copy number: assay performance unknown,14DPC,Trachea,Ctrl,0.0525,695
448,7,B11,TOSTW326,cTW326,7,13,270.6,100,627,Very low copy number: assay performance unknown,14DPC,Trachea,Ctrl,0.3135,839
449,7,C11,TOSTW327,cTW327,10,10,202.6,100,181,Very low copy number: assay performance unknown,14DPC,Trachea,Ctrl,0.0905,512
450,7,D11,TOSTW328,cTW328,8,12,239,100,116,Very low copy number: assay performance unknown,14DPC,Trachea,Ctrl,0.058,793
451,7,E11,TOSTW329,cTW329,5,15,431.8,100,111,Very low copy number: assay performance unknown,14DPC,Trachea,Ctrl,0.0555,605
452,7,F11,TOSTW330,cTW330,12,8,161.8,100,654,Very low copy number: assay performance unknown,14DPC,Trachea,Ctrl,0.327,858
453,7,G11,TOSTW331,cTW331,18,2,109.1,100,261,Very low copy number: assay performance unknown,14DPC,Trachea,Ctrl,0.1305,639
454,7,A12,TOSTW332,cTW332,5,15,434.6,100,307,Very low copy number: assay performance unknown,14DPC,Trachea,Ctrl,0.1535,566
455,7,B12,TOSTW333,cTW333,8,12,260.7,100,309,Very low copy number: assay performance unknown,14DPC,Trachea,Ctrl,0.1545,540
456,7,C12,TOSTW334,cTW334,20,0,74.8,74.8,1223,Caution: copy number less than intended sequencing depth,14DPC,Trachea,Ctrl,0.817513369,655
457,7,D12,TOSTW335,cTW335,7,13,288.7,100,335,Very low copy number: assay performance unknown,14DPC,Trachea,Ctrl,0.1675,515
458,7,E12,TOSTW336,cTW336,10,10,205.2,100,183,Very low copy number: assay performance unknown,14DPC,Trachea,Ctrl,0.0915,701
459,7,F12,TOSTW337,cTW337,20,0,91.1,91.1,279,Very low copy number: assay performance unknown,14DPC,Trachea,Ctrl,0.15312843,654
463,8,B01,TOSTW338,cTW338,4,16,507.1,100,535,Very low copy number: assay performance unknown,14DPC,Trachea,CKPA,0.2675,483
464,8,C01,TOSTW339,cTW339,15,5,133.3,100,2852,Caution: copy number less than intended sequencing depth,14DPC,Trachea,CKPA,1.426,570
465,8,D01,TOSTW340,cTW340,4,16,505.9,100,333675,,14DPC,Trachea,CKPA,166.8375,607
466,8,E01,TOSTW341,cTW341,7,13,272.9,100,2174,Caution: copy number less than intended sequencing depth,14DPC,Trachea,CKPA,1.087,572
467,8,F01,TOSTW342,cTW342,6,14,333.5,100,442,Very low copy number: assay performance unknown,14DPC,Trachea,CKPA,0.221,594
468,8,H01,TOSTW343,cTW343,7,13,266.9,100,795,Very low copy number: assay performance unknown,14DPC,Trachea,CKPA,0.3975,698
469,8,A02,TOSTW344,cTW344,8,12,250.1,100,1276,Caution: copy number less than intended sequencing depth,14DPC,Trachea,CKPA,0.638,579
470,8,B02,TOSTW345,cTW345,4,16,488.3,100,319,Very low copy number: assay performance unknown,14DPC,Trachea,CKPA,0.1595,578
471,8,C02,TOSTW346,cTW346,12,8,165.4,100,2785,Caution: copy number less than intended sequencing depth,14DPC,Trachea,CKPA,1.3925,554
472,8,D02,TOSTW347,cTW347,5,15,419.7,100,251245,,13DPC,Trachea,CKPA,125.6225,643
473,8,E02,TOSTW348,cTW348,11,9,178.9,100,4582,Caution: copy number less than intended sequencing depth,14DPC,Trachea,CKPA,2.291,605
477,8,B03,TOSTW349,cTW349,8,12,255.6,100,3288,Caution: copy number less than intended sequencing depth,14DPC,Trachea,TKMN,1.644,613
478,8,C03,TOSTW350,cTW350,20,0,19.1,19.1,6022,Caution: copy number less than intended sequencing depth,14DPC,Trachea,TKMN,15.76439791,524
479,8,D03,TOSTW351,cTW351,6,14,338.9,100,4576,Caution: copy number less than intended sequencing depth,14DPC,Trachea,TKMN,2.288,551
480,8,E03,TOSTW352,cTW352,9,11,234.9,100,3987,Caution: copy number less than intended sequencing depth,14DPC,Trachea,TKMN,1.9935,764
481,8,F03,TOSTW353,cTW353,15,5,133.8,100,4390,Caution: copy number less than intended sequencing depth,14DPC,Trachea,TKMN,2.195,689
482,8,G03,TOSTW354,cTW354,10,10,209.2,100,5176,Caution: copy number less than intended sequencing depth,14DPC,Trachea,TKMN,2.588,490
483,8,H03,TOSTW355,cTW355,12,8,172.7,100,5187,Caution: copy number less than intended sequencing depth,14DPC,Trachea,TKMN,2.5935,721
484,8,A04,TOSTW356,cTW356,15,5,135,100,5576,Caution: copy number less than intended sequencing depth,14DPC,Trachea,TKMN,2.788,380
485,8,B04,TOSTW357,cTW357,14,6,148,100,35816,,14DPC,Trachea,TKMN,17.908,418
486,8,C04,TOSTW358,cTW358,20,0,46.4,46.4,9299,Caution: copy number less than intended sequencing depth,14DPC,Trachea,TKMN,10.02047414,587
487,8,D04,TOSTW359,cTW359,16,4,123,100,4542,Caution: copy number less than intended sequencing depth,14DPC,Trachea,TKMN,2.271,410
488,8,E04,TOSTW360,cTW360,6,14,332.1,100,2789,Caution: copy number less than intended sequencing depth,14DPC,Trachea,TKMN,1.3945,515
489,8,F04,TOSTW361,cTW361,20,0,21.9,21.9,4758,Caution: copy number less than intended sequencing depth,14DPC,Trachea,TKMN,10.8630137,708
490,8,G04,TOSTW362,cTW362,17,3,115.1,100,10474,Caution: copy number less than intended sequencing depth,14DPC,Trachea,TKMN,5.237,676
491,8,H04,TOSTW363,cTW363,4,16,484.1,100,3547,Caution: copy number less than intended sequencing depth,14DPC,Trachea,TKMN,1.7735,638
492,8,A05,TOSTW364,cTW364,17,3,119.1,100,7045,Caution: copy number less than intended sequencing depth,14DPC,Trachea,TKMN,3.5225,600
